customer_id,name,email,segment,join_date,country
1,Mia Anderson,customer1@example.com,SMB,2021-01-30,AU
2,Ava Smith,customer2@example.com,Enterprise,2022-12-16,BR
3,Barbara Wilson,customer3@example.com,Consumer,2024-12-21,IN
4,Isabella Rodriguez,customer4@example.com,Consumer,2021-07-31,BR
5,Jennifer Smith,customer5@example.com,Consumer,2022-03-11,KR
6,Elizabeth Gonzalez,customer6@example.com,Consumer,2022-10-22,IN
7,Olivia Hernandez,customer7@example.com,Enterprise,2024-10-01,JP
8,Christopher Anderson,customer8@example.com,SMB,2020-06-08,DE
9,Isabella Moore,customer9@example.com,SMB,2020-09-13,US
10,Linda Anderson,customer10@example.com,Enterprise,2023-06-08,BR
11,Joseph Hernandez,customer11@example.com,Consumer,2022-02-27,CA
12,Mary Thomas,customer12@example.com,Consumer,2022-11-29,KR
13,Liam Miller,customer13@example.com,Consumer,2021-09-04,KR
14,Mary Brown,customer14@example.com,SMB,2023-12-02,KR
15,Emma Miller,customer15@example.com,Consumer,2023-01-23,US
16,Patricia Smith,customer16@example.com,Enterprise,2024-11-15,DE
17,Noah Moore,customer17@example.com,Enterprise,2020-05-23,DE
18,Mia Gonzalez,customer18@example.com,Enterprise,2022-01-02,IN
19,Christopher Thomas,customer19@example.com,Consumer,2020-08-12,JP
20,Elizabeth Miller,customer20@example.com,Enterprise,2020-06-17,US
21,Karen Johnson,customer21@example.com,Consumer,2020-01-12,BR
22,Thomas Davis,customer22@example.com,Enterprise,2023-08-02,FR
23,Jennifer Jackson,customer23@example.com,SMB,2022-05-12,DE
24,Jessica Johnson,customer24@example.com,Enterprise,2020-05-28,CA
25,David Rodriguez,customer25@example.com,SMB,2022-03-15,FR
26,David Williams,customer26@example.com,SMB,2020-10-02,IN
27,Susan Gonzalez,customer27@example.com,SMB,2023-10-27,AU
28,David Rodriguez,customer28@example.com,Consumer,2021-10-31,US
29,Isabella Wilson,customer29@example.com,SMB,2022-06-12,UK
30,Emma Smith,customer30@example.com,Consumer,2022-10-19,FR
31,Michael Miller,customer31@example.com,SMB,2020-05-04,BR
32,James Garcia,customer32@example.com,Enterprise,2022-06-17,AU
33,Elizabeth Hernandez,customer33@example.com,Enterprise,2020-12-20,AU
34,Joseph Martinez,customer34@example.com,Consumer,2021-01-31,IN
35,William Johnson,customer35@example.com,SMB,2022-07-09,IN
36,Mia Miller,customer36@example.com,SMB,2022-02-25,IN
37,Ava Anderson,customer37@example.com,SMB,2021-05-05,CA
38,Amelia Williams,customer38@example.com,Consumer,2021-07-28,FR
39,Charlotte Hernandez,customer39@example.com,Enterprise,2023-07-05,CA
40,Sophia Miller,customer40@example.com,Enterprise,2020-03-18,FR
41,Olivia Jackson,customer41@example.com,Enterprise,2023-03-18,AU
42,Karen Miller,customer42@example.com,Enterprise,2020-05-22,JP
43,Karen Davis,customer43@example.com,SMB,2024-12-18,UK
44,Charlotte Jones,customer44@example.com,Enterprise,2024-08-15,US
45,Ava Jackson,customer45@example.com,Enterprise,2023-11-14,BR
46,Jessica Smith,customer46@example.com,SMB,2023-02-23,UK
47,Isabella Miller,customer47@example.com,Consumer,2023-04-09,IN
48,Richard Anderson,customer48@example.com,Consumer,2020-05-07,IN
49,Patricia Jones,customer49@example.com,Enterprise,2020-04-21,BR
50,Amelia Rodriguez,customer50@example.com,Consumer,2022-01-15,CA
51,Robert Jones,customer51@example.com,Enterprise,2021-10-18,US
52,John Jackson,customer52@example.com,Enterprise,2024-08-26,KR
53,Patricia Brown,customer53@example.com,SMB,2020-09-13,CA
54,Barbara Taylor,customer54@example.com,Enterprise,2020-01-25,JP
55,James Miller,customer55@example.com,SMB,2021-03-23,DE
56,Jennifer Martinez,customer56@example.com,SMB,2020-11-26,JP
57,Mary Jones,customer57@example.com,Enterprise,2021-03-30,UK
58,Ava Miller,customer58@example.com,Consumer,2023-05-07,JP
59,Elizabeth Anderson,customer59@example.com,SMB,2020-10-02,IN
60,Robert Johnson,customer60@example.com,SMB,2024-03-30,US
61,William Smith,customer61@example.com,Enterprise,2020-06-05,DE
62,James Moore,customer62@example.com,Enterprise,2020-04-08,DE
63,Linda Wilson,customer63@example.com,Enterprise,2023-06-21,JP
64,John Jones,customer64@example.com,Enterprise,2021-02-13,CA
65,Mary Jones,customer65@example.com,Consumer,2022-09-25,BR
66,Amelia Martinez,customer66@example.com,SMB,2022-10-16,UK
67,Susan Martinez,customer67@example.com,SMB,2021-01-08,FR
68,Olivia Hernandez,customer68@example.com,Consumer,2020-07-04,UK
69,Jessica Thomas,customer69@example.com,Consumer,2023-09-26,DE
70,Elizabeth Gonzalez,customer70@example.com,Enterprise,2021-02-28,BR
71,Joseph Rodriguez,customer71@example.com,SMB,2023-05-02,US
72,Patricia Wilson,customer72@example.com,Enterprise,2022-02-22,DE
73,Jessica Davis,customer73@example.com,Consumer,2020-01-04,JP
74,Karen Jones,customer74@example.com,Consumer,2023-07-05,UK
75,Karen Martin,customer75@example.com,Consumer,2021-02-26,BR
76,Robert Johnson,customer76@example.com,Consumer,2023-05-24,US
77,Emma Martinez,customer77@example.com,Consumer,2022-12-02,AU
78,Sarah Lopez,customer78@example.com,SMB,2024-11-12,KR
79,Joseph Williams,customer79@example.com,SMB,2024-11-29,US
80,Jessica Davis,customer80@example.com,Enterprise,2024-03-16,DE
81,Thomas Johnson,customer81@example.com,Enterprise,2021-11-11,DE
82,Linda Taylor,customer82@example.com,Enterprise,2021-07-03,UK
83,Michael Jones,customer83@example.com,SMB,2022-12-20,US
84,Sophia Smith,customer84@example.com,SMB,2022-01-14,US
85,Patricia Davis,customer85@example.com,Consumer,2024-07-25,AU
86,Noah Jones,customer86@example.com,SMB,2021-05-03,BR
87,Sarah Rodriguez,customer87@example.com,Consumer,2023-06-03,CA
88,Charlotte Davis,customer88@example.com,Enterprise,2022-04-25,KR
89,Christopher Jones,customer89@example.com,Consumer,2022-08-30,DE
90,Susan Thomas,customer90@example.com,Enterprise,2020-03-08,US
91,William Davis,customer91@example.com,Enterprise,2020-08-27,DE
92,Sophia Williams,customer92@example.com,Enterprise,2024-09-08,US
93,Olivia Rodriguez,customer93@example.com,SMB,2020-05-22,AU
94,Michael Williams,customer94@example.com,Consumer,2024-08-22,US
95,Karen Jones,customer95@example.com,SMB,2024-07-12,DE
96,Jennifer Lopez,customer96@example.com,Enterprise,2022-04-03,CA
97,Charlotte Rodriguez,customer97@example.com,Consumer,2020-10-20,BR
98,Michael Martin,customer98@example.com,SMB,2023-09-30,CA
99,David Williams,customer99@example.com,SMB,2020-12-25,US
100,Linda Miller,customer100@example.com,SMB,2021-10-26,FR
101,Mary Garcia,customer101@example.com,SMB,2024-04-06,UK
102,Robert Rodriguez,customer102@example.com,Enterprise,2024-09-25,AU
103,Patricia Jackson,customer103@example.com,Consumer,2022-05-16,KR
104,Michael Davis,customer104@example.com,Enterprise,2022-04-08,UK
105,Linda Garcia,customer105@example.com,Consumer,2024-12-02,IN
106,Amelia Anderson,customer106@example.com,Consumer,2020-06-14,IN
107,Jennifer Martin,customer107@example.com,Enterprise,2021-07-23,BR
108,Michael Miller,customer108@example.com,Consumer,2022-01-27,IN
109,Sarah Martinez,customer109@example.com,SMB,2020-04-22,US
110,Mia Anderson,customer110@example.com,SMB,2024-12-12,AU
111,Karen Jackson,customer111@example.com,Consumer,2022-03-20,JP
112,Sarah Jones,customer112@example.com,Consumer,2021-12-08,US
113,Christopher Martinez,customer113@example.com,Consumer,2021-08-20,KR
114,David Thomas,customer114@example.com,SMB,2024-02-15,CA
115,David Garcia,customer115@example.com,SMB,2023-01-18,AU
116,Liam Moore,customer116@example.com,Enterprise,2022-10-09,DE
117,Emma Lopez,customer117@example.com,Consumer,2021-06-19,AU
118,Jessica Martin,customer118@example.com,Enterprise,2022-04-13,IN
119,David Anderson,customer119@example.com,SMB,2024-05-22,JP
120,Mary Martin,customer120@example.com,SMB,2024-07-23,AU
121,Sophia Jackson,customer121@example.com,SMB,2022-10-09,BR
122,Robert Hernandez,customer122@example.com,Enterprise,2022-02-19,UK
123,Barbara Miller,customer123@example.com,SMB,2024-08-20,JP
124,Jennifer Smith,customer124@example.com,Enterprise,2020-07-22,BR
125,William Lopez,customer125@example.com,Enterprise,2024-01-15,DE
126,Jennifer Jackson,customer126@example.com,SMB,2024-01-24,US
127,William Lopez,customer127@example.com,Consumer,2021-01-15,JP
128,Mary Moore,customer128@example.com,Enterprise,2022-04-12,BR
129,Amelia Hernandez,customer129@example.com,Consumer,2020-05-06,IN
130,Noah Gonzalez,customer130@example.com,Consumer,2021-07-22,DE
131,Richard Jones,customer131@example.com,Enterprise,2022-11-01,FR
132,William Thomas,customer132@example.com,Consumer,2020-10-15,AU
133,David Taylor,customer133@example.com,Consumer,2020-09-21,DE
134,Karen Williams,customer134@example.com,Consumer,2020-06-08,CA
135,Isabella Anderson,customer135@example.com,SMB,2023-11-05,JP
136,Olivia Garcia,customer136@example.com,Consumer,2023-08-05,UK
137,John Miller,customer137@example.com,Consumer,2020-06-15,UK
138,Thomas Williams,customer138@example.com,Enterprise,2024-11-11,FR
139,Linda Lopez,customer139@example.com,SMB,2020-01-22,FR
140,Thomas Taylor,customer140@example.com,Consumer,2021-03-21,FR
141,James Thomas,customer141@example.com,Consumer,2021-04-02,AU
142,William Brown,customer142@example.com,Enterprise,2021-06-04,JP
143,Amelia Martin,customer143@example.com,Enterprise,2023-06-15,JP
144,William Jones,customer144@example.com,Consumer,2022-11-08,JP
145,Jennifer Lopez,customer145@example.com,SMB,2022-09-07,AU
146,Thomas Miller,customer146@example.com,Enterprise,2022-06-21,KR
147,William Smith,customer147@example.com,Enterprise,2022-07-12,KR
148,Joseph Taylor,customer148@example.com,Consumer,2020-07-14,DE
149,Noah Jackson,customer149@example.com,SMB,2021-08-23,BR
150,Ava Taylor,customer150@example.com,Consumer,2023-11-03,CA
151,John Rodriguez,customer151@example.com,Enterprise,2020-12-28,CA
152,Ava Moore,customer152@example.com,Consumer,2023-07-14,FR
153,Ava Gonzalez,customer153@example.com,SMB,2022-10-24,CA
154,Karen Thomas,customer154@example.com,Consumer,2023-02-03,FR
155,Mia Hernandez,customer155@example.com,Consumer,2023-02-16,CA
156,John Miller,customer156@example.com,SMB,2024-09-29,JP
157,Emma Lopez,customer157@example.com,SMB,2020-04-14,IN
158,John Jones,customer158@example.com,SMB,2024-12-14,KR
159,Thomas Moore,customer159@example.com,Enterprise,2023-06-18,IN
160,Isabella Moore,customer160@example.com,Enterprise,2023-12-18,CA
161,Isabella Moore,customer161@example.com,SMB,2024-04-07,FR
162,John Davis,customer162@example.com,SMB,2020-10-19,IN
163,Jennifer Garcia,customer163@example.com,Enterprise,2023-07-04,UK
164,John Moore,customer164@example.com,Consumer,2024-10-22,UK
165,Richard Martinez,customer165@example.com,Enterprise,2020-05-03,FR
166,Olivia Lopez,customer166@example.com,SMB,2022-05-16,KR
167,Thomas Wilson,customer167@example.com,Enterprise,2021-12-05,AU
168,Mary Thomas,customer168@example.com,SMB,2020-10-09,CA
169,Charlotte Lopez,customer169@example.com,Enterprise,2022-11-02,JP
170,Elizabeth Smith,customer170@example.com,Enterprise,2021-02-04,DE
171,William Martin,customer171@example.com,Enterprise,2022-04-12,DE
172,William Martinez,customer172@example.com,Enterprise,2024-01-25,CA
173,Charlotte Jones,customer173@example.com,SMB,2024-11-20,BR
174,Christopher Jones,customer174@example.com,SMB,2020-06-16,FR
175,Richard Hernandez,customer175@example.com,Consumer,2021-04-22,BR
176,Olivia Smith,customer176@example.com,Enterprise,2020-05-14,IN
177,Charlotte Taylor,customer177@example.com,Enterprise,2024-08-25,BR
178,Noah Johnson,customer178@example.com,Enterprise,2023-09-26,JP
179,Olivia Williams,customer179@example.com,SMB,2024-02-09,IN
180,Jennifer Miller,customer180@example.com,Enterprise,2023-08-30,FR
181,Isabella Smith,customer181@example.com,Consumer,2024-05-28,IN
182,Jessica Jackson,customer182@example.com,Consumer,2021-06-26,AU
183,John Garcia,customer183@example.com,Consumer,2023-02-19,US
184,Christopher Martinez,customer184@example.com,SMB,2023-05-16,US
185,Sophia Jones,customer185@example.com,SMB,2020-08-28,CA
186,Charlotte Davis,customer186@example.com,Consumer,2023-10-18,FR
187,Amelia Garcia,customer187@example.com,Enterprise,2023-06-16,FR
188,Michael Moore,customer188@example.com,Enterprise,2020-04-13,BR
189,Robert Rodriguez,customer189@example.com,Consumer,2024-06-01,IN
190,Mia Taylor,customer190@example.com,Consumer,2024-11-13,BR
191,Sarah Miller,customer191@example.com,SMB,2020-12-04,US
192,Charlotte Martinez,customer192@example.com,Enterprise,2023-03-12,DE
193,Robert Williams,customer193@example.com,Consumer,2021-02-22,JP
194,Amelia Moore,customer194@example.com,Consumer,2021-07-05,KR
195,Charlotte Williams,customer195@example.com,SMB,2021-10-16,BR
196,Noah Anderson,customer196@example.com,Enterprise,2022-12-31,US
197,Karen Johnson,customer197@example.com,SMB,2023-03-02,FR
198,Olivia Brown,customer198@example.com,Enterprise,2020-01-16,BR
199,William Martin,customer199@example.com,Consumer,2022-03-03,CA
200,Amelia Garcia,customer200@example.com,Enterprise,2021-03-21,IN
201,Linda Garcia,customer201@example.com,SMB,2023-11-08,US
202,Mia Taylor,customer202@example.com,Enterprise,2023-04-14,US
203,Isabella Jackson,customer203@example.com,Consumer,2020-06-23,KR
204,James Martinez,customer204@example.com,Enterprise,2024-07-27,JP
205,Sophia Thomas,customer205@example.com,Consumer,2021-09-20,FR
206,Sophia Smith,customer206@example.com,Enterprise,2021-04-15,JP
207,Amelia Thomas,customer207@example.com,Enterprise,2023-01-16,JP
208,Karen Jackson,customer208@example.com,Enterprise,2023-06-02,IN
209,Mia Jackson,customer209@example.com,Enterprise,2021-02-02,IN
210,Susan Martinez,customer210@example.com,Enterprise,2023-07-05,CA
211,Isabella Johnson,customer211@example.com,SMB,2020-07-05,DE
212,Richard Brown,customer212@example.com,SMB,2022-08-17,FR
213,Olivia Martinez,customer213@example.com,Consumer,2021-05-08,FR
214,Olivia Garcia,customer214@example.com,Enterprise,2024-08-08,BR
215,Isabella Jackson,customer215@example.com,Enterprise,2020-04-01,JP
216,Michael Jones,customer216@example.com,Enterprise,2023-09-09,KR
217,Robert Anderson,customer217@example.com,SMB,2020-05-30,JP
218,Ava Anderson,customer218@example.com,SMB,2023-06-27,JP
219,Emma Garcia,customer219@example.com,SMB,2021-02-03,UK
220,James Garcia,customer220@example.com,Consumer,2023-03-23,JP
221,Patricia Garcia,customer221@example.com,Enterprise,2023-09-02,UK
222,Mia Martin,customer222@example.com,Enterprise,2022-08-09,DE
223,Joseph Hernandez,customer223@example.com,Consumer,2020-06-17,UK
224,Karen Rodriguez,customer224@example.com,Consumer,2020-04-12,FR
225,Sophia Martinez,customer225@example.com,Enterprise,2024-05-30,KR
226,Ava Wilson,customer226@example.com,Consumer,2020-09-22,IN
227,Mia Martinez,customer227@example.com,Enterprise,2023-07-15,CA
228,Liam Wilson,customer228@example.com,Consumer,2021-07-02,IN
229,John Davis,customer229@example.com,SMB,2024-11-25,KR
230,Susan Jackson,customer230@example.com,SMB,2024-11-24,AU
231,Richard Moore,customer231@example.com,Consumer,2021-06-19,FR
232,Christopher Williams,customer232@example.com,Consumer,2023-08-08,FR
233,Amelia Anderson,customer233@example.com,SMB,2022-04-12,KR
234,Mary Thomas,customer234@example.com,SMB,2020-05-31,AU
235,Karen Taylor,customer235@example.com,SMB,2021-11-17,DE
236,Karen Lopez,customer236@example.com,SMB,2023-05-03,US
237,James Brown,customer237@example.com,Enterprise,2021-11-27,CA
238,Mia Anderson,customer238@example.com,Enterprise,2024-07-31,JP
239,James Gonzalez,customer239@example.com,Consumer,2023-01-31,AU
240,Mary Miller,customer240@example.com,SMB,2021-03-20,BR
241,Isabella Jones,customer241@example.com,SMB,2022-06-06,KR
242,James Taylor,customer242@example.com,SMB,2020-03-08,US
243,Richard Moore,customer243@example.com,Enterprise,2023-11-04,JP
244,Jessica Gonzalez,customer244@example.com,Consumer,2023-04-21,KR
245,Noah Garcia,customer245@example.com,Consumer,2020-05-12,DE
246,Isabella Lopez,customer246@example.com,Enterprise,2020-03-16,CA
247,Richard Davis,customer247@example.com,SMB,2020-06-09,AU
248,Liam Brown,customer248@example.com,Enterprise,2024-03-11,JP
249,Noah Lopez,customer249@example.com,Enterprise,2020-06-01,CA
250,Linda Taylor,customer250@example.com,Enterprise,2023-01-16,CA
251,John Anderson,customer251@example.com,SMB,2024-03-16,FR
252,Ava Anderson,customer252@example.com,SMB,2024-09-27,UK
253,Ava Johnson,customer253@example.com,SMB,2022-06-29,AU
254,Jessica Jackson,customer254@example.com,SMB,2024-06-08,KR
255,Sarah Jones,customer255@example.com,Enterprise,2022-10-28,DE
256,Sarah Thomas,customer256@example.com,SMB,2021-08-01,AU
257,Elizabeth Rodriguez,customer257@example.com,Enterprise,2022-03-03,IN
258,William Smith,customer258@example.com,SMB,2020-03-17,UK
259,David Martinez,customer259@example.com,SMB,2022-05-06,BR
260,Charlotte Martin,customer260@example.com,SMB,2024-05-09,UK
261,Thomas Williams,customer261@example.com,Enterprise,2020-06-24,KR
262,Jessica Williams,customer262@example.com,Consumer,2024-12-23,DE
263,Mary Williams,customer263@example.com,Enterprise,2020-03-30,IN
264,Linda Martin,customer264@example.com,Enterprise,2023-03-29,FR
265,Richard Williams,customer265@example.com,Enterprise,2020-10-15,CA
266,Michael Lopez,customer266@example.com,SMB,2023-09-05,FR
267,Christopher Garcia,customer267@example.com,Consumer,2021-07-06,UK
268,Jennifer Moore,customer268@example.com,SMB,2023-11-29,IN
269,David Miller,customer269@example.com,Enterprise,2020-02-19,BR
270,Olivia Jones,customer270@example.com,Enterprise,2022-05-09,IN
271,Mary Wilson,customer271@example.com,Enterprise,2022-09-12,BR
272,Thomas Miller,customer272@example.com,SMB,2021-06-07,DE
273,Olivia Martinez,customer273@example.com,Consumer,2024-06-01,KR
274,Amelia Wilson,customer274@example.com,SMB,2024-03-18,JP
275,David Gonzalez,customer275@example.com,Consumer,2022-06-02,UK
276,Mia Wilson,customer276@example.com,Consumer,2024-07-24,US
277,Susan Miller,customer277@example.com,Enterprise,2020-05-29,KR
278,Sophia Wilson,customer278@example.com,Consumer,2024-04-20,IN
279,David Rodriguez,customer279@example.com,Consumer,2022-07-24,IN
280,Mia Williams,customer280@example.com,SMB,2024-02-08,JP
281,Noah Anderson,customer281@example.com,SMB,2021-10-28,BR
282,Liam Moore,customer282@example.com,SMB,2020-09-05,FR
283,Thomas Martinez,customer283@example.com,Consumer,2023-09-30,DE
284,Charlotte Jackson,customer284@example.com,Enterprise,2024-08-02,BR
285,Noah Hernandez,customer285@example.com,SMB,2024-02-25,UK
286,Karen Taylor,customer286@example.com,Enterprise,2022-06-08,AU
287,Emma Martinez,customer287@example.com,Consumer,2024-09-13,IN
288,Sarah Jones,customer288@example.com,SMB,2020-05-06,JP
289,Emma Davis,customer289@example.com,Enterprise,2024-02-02,FR
290,Jennifer Martinez,customer290@example.com,Consumer,2020-08-03,JP
291,John Jones,customer291@example.com,SMB,2023-11-16,DE
292,Susan Williams,customer292@example.com,Consumer,2022-08-31,US
293,Ava Hernandez,customer293@example.com,Enterprise,2022-05-26,US
294,Mary Thomas,customer294@example.com,Consumer,2024-12-10,KR
295,Thomas Rodriguez,customer295@example.com,Enterprise,2020-12-24,JP
296,Robert Jones,customer296@example.com,Consumer,2024-05-07,BR
297,Thomas Johnson,customer297@example.com,SMB,2023-06-07,AU
298,David Martin,customer298@example.com,SMB,2023-10-04,US
299,Joseph Anderson,customer299@example.com,SMB,2023-11-14,IN
300,Richard Wilson,customer300@example.com,SMB,2023-02-08,AU
301,Isabella Taylor,customer301@example.com,Consumer,2020-10-24,CA
302,Linda Garcia,customer302@example.com,SMB,2024-05-27,US
303,James Martinez,customer303@example.com,Consumer,2020-11-22,JP
304,Ava Taylor,customer304@example.com,Consumer,2022-03-24,KR
305,Charlotte Lopez,customer305@example.com,Consumer,2020-10-28,IN
306,Sophia Hernandez,customer306@example.com,SMB,2022-02-14,BR
307,Amelia Miller,customer307@example.com,Enterprise,2020-07-07,DE
308,Susan Davis,customer308@example.com,Enterprise,2024-06-24,KR
309,Sophia Rodriguez,customer309@example.com,Consumer,2021-05-25,UK
310,Barbara Jackson,customer310@example.com,Enterprise,2024-06-22,IN
311,Patricia Moore,customer311@example.com,Consumer,2024-02-28,KR
312,Olivia Davis,customer312@example.com,Enterprise,2022-07-17,CA
313,Jennifer Moore,customer313@example.com,SMB,2024-07-26,DE
314,Jessica Moore,customer314@example.com,Consumer,2022-11-09,US
315,Emma Smith,customer315@example.com,Enterprise,2024-01-13,BR
316,Amelia Wilson,customer316@example.com,Enterprise,2021-10-18,JP
317,Joseph Miller,customer317@example.com,Consumer,2020-10-29,AU
318,Ava Garcia,customer318@example.com,Enterprise,2022-12-19,US
319,Patricia Davis,customer319@example.com,Enterprise,2023-01-16,UK
320,Ava Rodriguez,customer320@example.com,Enterprise,2024-04-03,FR
321,Linda Gonzalez,customer321@example.com,SMB,2020-12-13,AU
322,Jessica Garcia,customer322@example.com,Enterprise,2020-07-06,JP
323,Richard Davis,customer323@example.com,Enterprise,2024-03-06,US
324,Emma Johnson,customer324@example.com,SMB,2023-12-08,BR
325,Sophia Thomas,customer325@example.com,Consumer,2020-07-30,JP
326,Ava Williams,customer326@example.com,Enterprise,2022-05-01,KR
327,Robert Anderson,customer327@example.com,SMB,2020-09-30,AU
328,Joseph Davis,customer328@example.com,Consumer,2021-09-14,DE
329,Emma Davis,customer329@example.com,Consumer,2024-07-30,DE
330,Thomas Jones,customer330@example.com,SMB,2024-12-18,UK
331,Michael Wilson,customer331@example.com,SMB,2024-01-29,FR
332,Liam Garcia,customer332@example.com,Enterprise,2020-09-03,US
333,William Smith,customer333@example.com,Consumer,2021-01-19,CA
334,James Johnson,customer334@example.com,Consumer,2023-03-19,DE
335,Olivia Wilson,customer335@example.com,SMB,2023-02-04,BR
336,Amelia Miller,customer336@example.com,SMB,2024-03-15,AU
337,Jessica Garcia,customer337@example.com,SMB,2023-07-15,UK
338,David Anderson,customer338@example.com,SMB,2020-02-20,DE
339,Jennifer Johnson,customer339@example.com,Enterprise,2021-05-16,DE
340,Elizabeth Thomas,customer340@example.com,SMB,2020-05-18,US
341,Ava Jones,customer341@example.com,Enterprise,2022-08-21,KR
342,Susan Taylor,customer342@example.com,Enterprise,2022-11-16,FR
343,Amelia Davis,customer343@example.com,Consumer,2024-10-26,BR
344,Isabella Jones,customer344@example.com,Enterprise,2020-02-10,US
345,Thomas Martin,customer345@example.com,Consumer,2021-09-16,UK
346,Emma Thomas,customer346@example.com,Consumer,2021-01-18,BR
347,Susan Thomas,customer347@example.com,Consumer,2020-01-29,US
348,David Hernandez,customer348@example.com,SMB,2024-05-18,KR
349,Elizabeth Hernandez,customer349@example.com,SMB,2023-09-24,CA
350,Mia Garcia,customer350@example.com,Enterprise,2023-11-27,FR
351,Jennifer Smith,customer351@example.com,Enterprise,2020-11-04,DE
352,Mary Wilson,customer352@example.com,SMB,2023-11-06,BR
353,David Taylor,customer353@example.com,Consumer,2024-09-06,BR
354,Sophia Thomas,customer354@example.com,SMB,2023-01-24,DE
355,Barbara Johnson,customer355@example.com,Enterprise,2022-02-03,KR
356,Jessica Davis,customer356@example.com,Enterprise,2020-11-03,FR
357,John Gonzalez,customer357@example.com,Consumer,2023-03-21,IN
358,John Lopez,customer358@example.com,Consumer,2022-11-20,CA
359,Robert Williams,customer359@example.com,Consumer,2020-10-31,FR
360,Jessica Smith,customer360@example.com,SMB,2022-08-03,US
361,William Jackson,customer361@example.com,Enterprise,2020-09-29,UK
362,Amelia Jackson,customer362@example.com,SMB,2022-08-02,BR
363,William Davis,customer363@example.com,SMB,2021-09-16,US
364,Sarah Martin,customer364@example.com,SMB,2022-03-30,UK
365,Jennifer Hernandez,customer365@example.com,Enterprise,2024-05-23,KR
366,Joseph Jackson,customer366@example.com,Consumer,2021-09-23,FR
367,Karen Martinez,customer367@example.com,SMB,2021-09-14,IN
368,Ava Lopez,customer368@example.com,Enterprise,2021-01-24,JP
369,Patricia Rodriguez,customer369@example.com,Consumer,2024-10-29,IN
370,John Lopez,customer370@example.com,SMB,2020-05-26,IN
371,James Anderson,customer371@example.com,SMB,2024-02-08,IN
372,David Jackson,customer372@example.com,SMB,2020-12-28,UK
373,Patricia Hernandez,customer373@example.com,Consumer,2021-11-14,AU
374,Sophia Jones,customer374@example.com,SMB,2023-10-22,US
375,Olivia Rodriguez,customer375@example.com,Enterprise,2023-04-28,US
376,Sarah Moore,customer376@example.com,SMB,2024-07-14,FR
377,Mary Davis,customer377@example.com,SMB,2022-04-28,DE
378,Joseph Johnson,customer378@example.com,SMB,2021-02-28,CA
379,Jessica Hernandez,customer379@example.com,SMB,2021-01-09,KR
380,Isabella Rodriguez,customer380@example.com,Enterprise,2020-11-10,US
381,Karen Wilson,customer381@example.com,Consumer,2023-11-20,UK
382,Liam Martinez,customer382@example.com,Consumer,2024-06-19,DE
383,Richard Lopez,customer383@example.com,Enterprise,2023-07-21,CA
384,James Anderson,customer384@example.com,Consumer,2021-03-19,JP
385,Susan Smith,customer385@example.com,Consumer,2022-12-07,FR
386,Barbara Hernandez,customer386@example.com,Consumer,2022-01-10,US
387,Charlotte Thomas,customer387@example.com,SMB,2021-08-31,DE
388,Christopher Davis,customer388@example.com,SMB,2021-03-01,CA
389,Susan Garcia,customer389@example.com,Consumer,2022-04-06,IN
390,Elizabeth Hernandez,customer390@example.com,SMB,2021-08-19,UK
391,Sophia Lopez,customer391@example.com,Enterprise,2022-11-25,KR
392,Charlotte Smith,customer392@example.com,Consumer,2022-04-03,IN
393,Joseph Martinez,customer393@example.com,SMB,2024-04-15,DE
394,Barbara Moore,customer394@example.com,SMB,2023-07-09,CA
395,Olivia Hernandez,customer395@example.com,Consumer,2023-07-24,UK
396,Christopher Moore,customer396@example.com,SMB,2023-02-15,IN
397,Olivia Jones,customer397@example.com,Enterprise,2021-11-09,BR
398,Charlotte Lopez,customer398@example.com,Enterprise,2022-09-09,CA
399,Amelia Johnson,customer399@example.com,Consumer,2021-03-16,JP
400,Robert Taylor,customer400@example.com,Enterprise,2020-11-09,UK
401,Amelia Lopez,customer401@example.com,Enterprise,2021-03-16,CA
402,Barbara Brown,customer402@example.com,Enterprise,2024-10-29,CA
403,James Brown,customer403@example.com,SMB,2021-11-21,KR
404,Robert Hernandez,customer404@example.com,Enterprise,2021-08-24,KR
405,Jessica Smith,customer405@example.com,SMB,2024-03-21,IN
406,Mary Martinez,customer406@example.com,Enterprise,2021-10-17,BR
407,Liam Lopez,customer407@example.com,Consumer,2021-01-02,BR
408,Joseph Jackson,customer408@example.com,Enterprise,2022-01-30,CA
409,Patricia Smith,customer409@example.com,Enterprise,2024-11-09,FR
410,Mary Jackson,customer410@example.com,Consumer,2020-09-16,CA
411,Isabella Garcia,customer411@example.com,SMB,2023-09-25,IN
412,Karen Williams,customer412@example.com,Enterprise,2024-10-04,IN
413,Olivia Moore,customer413@example.com,SMB,2021-04-18,KR
414,Thomas Smith,customer414@example.com,SMB,2023-02-13,US
415,Sarah Thomas,customer415@example.com,Enterprise,2020-04-24,CA
416,Robert Miller,customer416@example.com,Consumer,2021-05-11,DE
417,Noah Johnson,customer417@example.com,SMB,2020-08-12,JP
418,Patricia Thomas,customer418@example.com,Consumer,2020-07-02,IN
419,Sophia Rodriguez,customer419@example.com,SMB,2023-07-08,FR
420,Olivia Thomas,customer420@example.com,SMB,2023-07-07,US
421,Elizabeth Gonzalez,customer421@example.com,SMB,2022-06-18,CA
422,Isabella Gonzalez,customer422@example.com,Consumer,2023-10-13,US
423,Christopher Davis,customer423@example.com,SMB,2021-12-23,KR
424,Karen Smith,customer424@example.com,Enterprise,2021-05-11,JP
425,Jennifer Johnson,customer425@example.com,SMB,2022-03-08,CA
426,Linda Brown,customer426@example.com,Consumer,2021-01-02,FR
427,Barbara Smith,customer427@example.com,Enterprise,2020-06-10,UK
428,John Taylor,customer428@example.com,SMB,2024-09-03,KR
429,Noah Jones,customer429@example.com,SMB,2020-03-15,DE
430,Karen Brown,customer430@example.com,Consumer,2022-09-03,US
431,Emma Williams,customer431@example.com,SMB,2021-05-08,UK
432,Jennifer Martin,customer432@example.com,Consumer,2023-03-21,AU
433,Emma Thomas,customer433@example.com,Enterprise,2021-01-16,UK
434,Robert Taylor,customer434@example.com,Enterprise,2023-08-21,CA
435,Olivia Martin,customer435@example.com,Consumer,2024-03-15,AU
436,Jennifer Lopez,customer436@example.com,Consumer,2023-02-24,FR
437,Liam Miller,customer437@example.com,Enterprise,2021-12-06,CA
438,Elizabeth Garcia,customer438@example.com,SMB,2024-04-30,JP
439,Mary Jones,customer439@example.com,SMB,2024-09-27,UK
440,Sophia Anderson,customer440@example.com,Enterprise,2024-05-16,FR
441,Sarah Taylor,customer441@example.com,Enterprise,2021-09-22,CA
442,Karen Johnson,customer442@example.com,Enterprise,2024-12-04,US
443,Amelia Wilson,customer443@example.com,Consumer,2024-11-14,BR
444,Jessica Martinez,customer444@example.com,Consumer,2021-01-31,AU
445,Richard Davis,customer445@example.com,Consumer,2022-06-17,DE
446,Joseph Thomas,customer446@example.com,SMB,2021-02-28,BR
447,Isabella Smith,customer447@example.com,SMB,2024-05-06,BR
448,William Williams,customer448@example.com,Consumer,2023-06-21,KR
449,Michael Williams,customer449@example.com,Enterprise,2023-05-30,BR
450,Susan Johnson,customer450@example.com,Enterprise,2020-10-17,JP
451,Olivia Martinez,customer451@example.com,Enterprise,2024-03-08,JP
452,Elizabeth Thomas,customer452@example.com,Enterprise,2021-08-26,US
453,Ava Taylor,customer453@example.com,Consumer,2023-11-27,AU
454,Ava Taylor,customer454@example.com,SMB,2023-11-16,IN
455,Liam Gonzalez,customer455@example.com,Enterprise,2023-11-04,JP
456,Ava Moore,customer456@example.com,SMB,2024-11-25,KR
457,Robert Davis,customer457@example.com,Consumer,2024-10-12,JP
458,Jennifer Moore,customer458@example.com,Consumer,2024-12-05,JP
459,Emma Jones,customer459@example.com,Consumer,2024-12-06,AU
460,Linda Wilson,customer460@example.com,Consumer,2021-05-13,KR
461,James Martin,customer461@example.com,Enterprise,2021-12-09,CA
462,Emma Anderson,customer462@example.com,Consumer,2023-11-27,BR
463,Mary Garcia,customer463@example.com,Enterprise,2020-06-16,AU
464,Barbara Johnson,customer464@example.com,SMB,2021-10-28,IN
465,Mia Anderson,customer465@example.com,Enterprise,2023-11-25,KR
466,Jennifer Lopez,customer466@example.com,Enterprise,2024-05-03,KR
467,Sophia Anderson,customer467@example.com,SMB,2023-02-09,UK
468,Patricia Gonzalez,customer468@example.com,Consumer,2021-07-28,UK
469,Joseph Garcia,customer469@example.com,Consumer,2024-04-12,JP
470,Jennifer Garcia,customer470@example.com,Enterprise,2023-06-16,CA
471,Amelia Martinez,customer471@example.com,SMB,2020-08-07,CA
472,Jennifer Anderson,customer472@example.com,SMB,2020-02-15,CA
473,Susan Wilson,customer473@example.com,Enterprise,2023-03-30,UK
474,Joseph Davis,customer474@example.com,Consumer,2020-02-10,US
475,Elizabeth Garcia,customer475@example.com,Consumer,2021-11-27,CA
476,Joseph Martin,customer476@example.com,SMB,2022-04-03,UK
477,Sarah Taylor,customer477@example.com,Consumer,2021-09-19,UK
478,Ava Brown,customer478@example.com,SMB,2020-04-04,JP
479,Liam Davis,customer479@example.com,Consumer,2024-08-19,JP
480,Karen Lopez,customer480@example.com,Enterprise,2022-03-31,US
481,Susan Martinez,customer481@example.com,Consumer,2022-04-27,CA
482,Mary Williams,customer482@example.com,Enterprise,2024-01-06,UK
483,Sarah Martinez,customer483@example.com,SMB,2021-01-24,IN
484,James Wilson,customer484@example.com,Enterprise,2021-05-24,AU
485,Joseph Rodriguez,customer485@example.com,SMB,2024-10-13,FR
486,Jessica Hernandez,customer486@example.com,Consumer,2023-06-23,AU
487,Liam Lopez,customer487@example.com,Consumer,2021-03-19,CA
488,Elizabeth Wilson,customer488@example.com,Consumer,2022-03-11,UK
489,Jessica Gonzalez,customer489@example.com,Enterprise,2020-04-29,KR
490,Jessica Martinez,customer490@example.com,Consumer,2024-07-22,UK
491,Isabella Garcia,customer491@example.com,SMB,2020-12-09,DE
492,Isabella Lopez,customer492@example.com,Consumer,2024-11-08,FR
493,William Gonzalez,customer493@example.com,Enterprise,2020-01-05,KR
494,Linda Martinez,customer494@example.com,Enterprise,2024-06-09,JP
495,Joseph Garcia,customer495@example.com,Consumer,2020-12-01,UK
496,Patricia Moore,customer496@example.com,Consumer,2023-04-13,FR
497,Elizabeth Garcia,customer497@example.com,Consumer,2020-02-19,FR
498,Barbara Martinez,customer498@example.com,SMB,2022-07-20,CA
499,William Lopez,customer499@example.com,Enterprise,2024-08-12,BR
500,Michael Williams,customer500@example.com,Consumer,2023-09-05,CA
501,Michael Taylor,customer501@example.com,Consumer,2022-10-07,JP
502,Liam Miller,customer502@example.com,Enterprise,2020-12-12,BR
503,William Miller,customer503@example.com,Consumer,2020-03-30,AU
504,Noah Brown,customer504@example.com,Enterprise,2020-10-22,BR
505,Emma Lopez,customer505@example.com,SMB,2023-01-18,IN
506,Michael Taylor,customer506@example.com,Enterprise,2024-12-17,FR
507,Mary Martin,customer507@example.com,Consumer,2020-04-20,AU
508,Jennifer Smith,customer508@example.com,SMB,2022-07-30,UK
509,Elizabeth Martinez,customer509@example.com,SMB,2023-07-25,BR
510,Michael Taylor,customer510@example.com,SMB,2024-10-29,BR
511,Robert Thomas,customer511@example.com,Enterprise,2021-11-16,DE
512,Emma Gonzalez,customer512@example.com,Consumer,2020-06-01,FR
513,Isabella Miller,customer513@example.com,Enterprise,2022-02-09,FR
514,Christopher Lopez,customer514@example.com,Enterprise,2021-04-13,US
515,Patricia Williams,customer515@example.com,Consumer,2021-09-14,UK
516,Karen Martinez,customer516@example.com,Enterprise,2020-09-23,US
517,Robert Rodriguez,customer517@example.com,Enterprise,2020-02-01,JP
518,John Hernandez,customer518@example.com,Enterprise,2022-03-21,DE
519,Robert Rodriguez,customer519@example.com,Consumer,2020-05-08,CA
520,William Rodriguez,customer520@example.com,Consumer,2021-03-14,UK
521,Jessica Thomas,customer521@example.com,Consumer,2021-02-10,CA
522,Barbara Williams,customer522@example.com,SMB,2022-01-31,KR
523,Liam Taylor,customer523@example.com,Consumer,2023-01-21,IN
524,Barbara Brown,customer524@example.com,Enterprise,2023-11-24,JP
525,Sarah Garcia,customer525@example.com,SMB,2024-03-20,FR
526,Elizabeth Gonzalez,customer526@example.com,Enterprise,2024-04-22,BR
527,Robert Davis,customer527@example.com,Consumer,2020-01-04,CA
528,Karen Jackson,customer528@example.com,SMB,2023-04-14,CA
529,Karen Smith,customer529@example.com,Consumer,2020-12-19,KR
530,Thomas Gonzalez,customer530@example.com,Consumer,2023-04-26,DE
531,Jessica Brown,customer531@example.com,SMB,2020-02-14,IN
532,Karen Lopez,customer532@example.com,Consumer,2020-04-19,JP
533,David Williams,customer533@example.com,Consumer,2024-05-09,FR
534,Joseph Hernandez,customer534@example.com,Consumer,2021-12-10,BR
535,Elizabeth Johnson,customer535@example.com,SMB,2022-04-28,JP
536,Noah Anderson,customer536@example.com,Consumer,2023-10-06,DE
537,Karen Garcia,customer537@example.com,SMB,2020-01-03,IN
538,Linda Jones,customer538@example.com,Enterprise,2024-07-19,UK
539,John Taylor,customer539@example.com,SMB,2022-12-15,AU
540,Amelia Brown,customer540@example.com,Consumer,2022-06-29,UK
541,William Martin,customer541@example.com,Consumer,2024-06-26,AU
542,Richard Anderson,customer542@example.com,Consumer,2020-09-07,BR
543,Christopher Williams,customer543@example.com,Enterprise,2022-07-12,CA
544,Sophia Rodriguez,customer544@example.com,Enterprise,2022-09-18,DE
545,Jennifer Rodriguez,customer545@example.com,SMB,2020-01-07,US
546,Mary Garcia,customer546@example.com,Enterprise,2022-08-22,AU
547,Liam Thomas,customer547@example.com,Enterprise,2021-01-20,CA
548,Charlotte Wilson,customer548@example.com,Enterprise,2022-02-09,AU
549,Amelia Davis,customer549@example.com,Enterprise,2022-04-28,IN
550,Ava Martin,customer550@example.com,SMB,2023-11-08,KR
551,Linda Garcia,customer551@example.com,SMB,2022-12-05,UK
552,Jennifer Wilson,customer552@example.com,Enterprise,2020-09-10,FR
553,John Moore,customer553@example.com,SMB,2022-04-27,US
554,James Hernandez,customer554@example.com,SMB,2021-12-04,UK
555,Liam Anderson,customer555@example.com,SMB,2020-05-05,FR
556,David Smith,customer556@example.com,Enterprise,2021-07-20,DE
557,Mia Williams,customer557@example.com,Consumer,2024-01-07,DE
558,Linda Jackson,customer558@example.com,Enterprise,2022-01-25,UK
559,Barbara Anderson,customer559@example.com,Consumer,2022-05-11,FR
560,John Hernandez,customer560@example.com,SMB,2023-12-08,BR
561,Mia Taylor,customer561@example.com,Consumer,2024-03-21,DE
562,Liam Martinez,customer562@example.com,SMB,2022-04-07,KR
563,Olivia Rodriguez,customer563@example.com,Consumer,2023-03-04,US
564,Sarah Anderson,customer564@example.com,Enterprise,2021-06-22,IN
565,Emma Jackson,customer565@example.com,SMB,2023-04-08,DE
566,John Miller,customer566@example.com,Enterprise,2021-05-07,DE
567,Sarah Jones,customer567@example.com,SMB,2022-04-11,IN
568,Isabella Jones,customer568@example.com,Consumer,2020-10-06,BR
569,Mary Johnson,customer569@example.com,Enterprise,2022-03-29,KR
570,Karen Jackson,customer570@example.com,Enterprise,2023-12-12,US
571,John Smith,customer571@example.com,Consumer,2021-12-30,AU
572,Elizabeth Taylor,customer572@example.com,Consumer,2020-05-12,UK
573,Michael Smith,customer573@example.com,SMB,2024-11-07,JP
574,Karen Jackson,customer574@example.com,Enterprise,2022-10-26,KR
575,Olivia Moore,customer575@example.com,Enterprise,2020-10-30,KR
576,Olivia Gonzalez,customer576@example.com,Consumer,2020-04-19,BR
577,Emma Miller,customer577@example.com,Enterprise,2021-10-01,JP
578,Olivia Brown,customer578@example.com,Enterprise,2024-06-17,FR
579,John Jackson,customer579@example.com,SMB,2021-05-11,BR
580,Thomas Moore,customer580@example.com,Enterprise,2021-12-09,UK
581,Susan Martinez,customer581@example.com,Enterprise,2020-11-03,FR
582,Jessica Martin,customer582@example.com,SMB,2023-03-28,DE
583,Elizabeth Rodriguez,customer583@example.com,SMB,2023-12-22,KR
584,Sophia Moore,customer584@example.com,Enterprise,2021-09-10,US
585,Mary Jackson,customer585@example.com,Consumer,2020-08-24,US
586,John Williams,customer586@example.com,Enterprise,2020-10-20,BR
587,Barbara Martinez,customer587@example.com,Enterprise,2023-04-05,AU
588,Noah Anderson,customer588@example.com,SMB,2020-08-05,KR
589,Karen Rodriguez,customer589@example.com,SMB,2022-09-04,CA
590,Isabella Miller,customer590@example.com,Enterprise,2022-09-21,JP
591,Mia Gonzalez,customer591@example.com,Consumer,2020-08-31,BR
592,James Thomas,customer592@example.com,Enterprise,2023-04-20,BR
593,Charlotte Wilson,customer593@example.com,SMB,2021-03-28,JP
594,Barbara Lopez,customer594@example.com,Enterprise,2020-10-17,FR
595,Michael Martinez,customer595@example.com,Consumer,2022-10-18,AU
596,Amelia Jackson,customer596@example.com,Consumer,2024-08-31,JP
597,Joseph Garcia,customer597@example.com,Consumer,2021-03-04,DE
598,Robert Rodriguez,customer598@example.com,SMB,2022-12-08,JP
599,Linda Brown,customer599@example.com,Consumer,2022-03-24,KR
600,Susan Taylor,customer600@example.com,SMB,2022-10-29,BR
601,Linda Taylor,customer601@example.com,Enterprise,2021-09-29,UK
602,Joseph Miller,customer602@example.com,SMB,2020-04-27,DE
603,Linda Brown,customer603@example.com,SMB,2021-05-08,IN
604,Patricia Gonzalez,customer604@example.com,Consumer,2024-12-19,DE
605,Elizabeth Johnson,customer605@example.com,SMB,2021-06-01,UK
606,Emma Anderson,customer606@example.com,SMB,2020-05-07,JP
607,Joseph Taylor,customer607@example.com,Consumer,2021-08-29,FR
608,Noah Martin,customer608@example.com,Enterprise,2023-09-01,CA
609,Patricia Jones,customer609@example.com,Consumer,2020-07-05,DE
610,Thomas Rodriguez,customer610@example.com,Consumer,2022-12-30,JP
611,Noah Brown,customer611@example.com,SMB,2020-09-21,JP
612,Karen Moore,customer612@example.com,Enterprise,2020-02-27,FR
613,Olivia Lopez,customer613@example.com,Enterprise,2020-08-20,JP
614,Elizabeth Brown,customer614@example.com,SMB,2023-07-21,BR
615,James Jones,customer615@example.com,Consumer,2022-10-11,FR
616,Christopher Lopez,customer616@example.com,Enterprise,2024-05-06,KR
617,Ava Garcia,customer617@example.com,SMB,2024-05-13,JP
618,Karen Garcia,customer618@example.com,Enterprise,2023-09-01,JP
619,Patricia Anderson,customer619@example.com,Enterprise,2022-05-04,FR
620,Amelia Wilson,customer620@example.com,Consumer,2024-06-30,US
621,James Moore,customer621@example.com,Consumer,2024-02-16,CA
622,Joseph Hernandez,customer622@example.com,Consumer,2024-12-09,KR
623,Isabella Johnson,customer623@example.com,Consumer,2022-12-01,CA
624,Karen Thomas,customer624@example.com,Enterprise,2023-10-04,US
625,David Rodriguez,customer625@example.com,SMB,2022-05-02,FR
626,Charlotte Williams,customer626@example.com,Consumer,2023-07-12,KR
627,Susan Lopez,customer627@example.com,Enterprise,2023-11-26,US
628,Mia Garcia,customer628@example.com,SMB,2023-05-14,IN
629,Joseph Hernandez,customer629@example.com,Consumer,2021-09-11,JP
630,Mia Davis,customer630@example.com,SMB,2021-07-14,DE
631,Mary Moore,customer631@example.com,Enterprise,2024-10-01,KR
632,Isabella Gonzalez,customer632@example.com,SMB,2024-11-07,BR
633,Robert Martinez,customer633@example.com,SMB,2023-10-26,BR
634,Susan Martinez,customer634@example.com,Enterprise,2021-06-15,KR
635,Mia Lopez,customer635@example.com,SMB,2023-07-30,AU
636,Charlotte Garcia,customer636@example.com,SMB,2021-03-04,CA
637,Susan Martinez,customer637@example.com,Enterprise,2020-08-10,KR
638,Jennifer Lopez,customer638@example.com,Enterprise,2021-02-10,BR
639,Susan Anderson,customer639@example.com,Enterprise,2024-08-17,UK
640,James Smith,customer640@example.com,SMB,2023-04-22,US
641,Sarah Brown,customer641@example.com,Consumer,2020-02-08,DE
642,Karen Gonzalez,customer642@example.com,SMB,2023-01-19,US
643,James Hernandez,customer643@example.com,SMB,2022-05-26,IN
644,Susan Johnson,customer644@example.com,Enterprise,2024-09-30,FR
645,Mia Rodriguez,customer645@example.com,Enterprise,2023-12-06,AU
646,Sarah Jackson,customer646@example.com,Consumer,2020-12-30,IN
647,William Jackson,customer647@example.com,Enterprise,2022-09-08,KR
648,Amelia Williams,customer648@example.com,Consumer,2021-04-13,KR
649,Barbara Wilson,customer649@example.com,Consumer,2021-09-11,FR
650,Amelia Jackson,customer650@example.com,Consumer,2021-04-28,KR
651,Thomas Williams,customer651@example.com,SMB,2020-10-27,JP
652,Olivia Wilson,customer652@example.com,Enterprise,2020-04-14,UK
653,Jessica Jackson,customer653@example.com,SMB,2023-01-27,CA
654,Christopher Lopez,customer654@example.com,Enterprise,2020-07-17,CA
655,Michael Gonzalez,customer655@example.com,SMB,2020-11-02,JP
656,Noah Miller,customer656@example.com,Enterprise,2023-03-15,FR
657,Sophia Williams,customer657@example.com,Enterprise,2020-11-16,FR
658,Liam Johnson,customer658@example.com,SMB,2022-05-10,JP
659,Ava Martin,customer659@example.com,Consumer,2020-09-09,IN
660,Liam Gonzalez,customer660@example.com,SMB,2022-02-04,AU
661,James Rodriguez,customer661@example.com,Consumer,2024-04-27,US
662,Emma Gonzalez,customer662@example.com,SMB,2020-03-28,US
663,Sarah Garcia,customer663@example.com,Enterprise,2022-07-02,US
664,Christopher Martinez,customer664@example.com,SMB,2023-03-23,KR
665,Karen Thomas,customer665@example.com,Consumer,2020-06-14,UK
666,Karen Jones,customer666@example.com,Consumer,2020-06-07,IN
667,John Davis,customer667@example.com,Consumer,2024-08-10,US
668,William Rodriguez,customer668@example.com,SMB,2021-03-13,FR
669,Liam Jones,customer669@example.com,Enterprise,2024-08-30,CA
670,Karen Miller,customer670@example.com,Consumer,2023-04-11,CA
671,Robert Moore,customer671@example.com,Enterprise,2020-08-09,DE
672,Amelia Wilson,customer672@example.com,SMB,2020-07-17,AU
673,Elizabeth Garcia,customer673@example.com,Enterprise,2024-12-17,JP
674,Michael Moore,customer674@example.com,Consumer,2021-12-19,AU
675,Liam Thomas,customer675@example.com,Consumer,2023-03-29,KR
676,Barbara Rodriguez,customer676@example.com,Enterprise,2023-03-03,AU
677,Karen Davis,customer677@example.com,Consumer,2022-02-09,BR
678,Jennifer Hernandez,customer678@example.com,Consumer,2021-02-23,JP
679,Jessica Moore,customer679@example.com,Enterprise,2022-06-04,BR
680,Susan Taylor,customer680@example.com,SMB,2021-05-06,FR
681,David Johnson,customer681@example.com,Enterprise,2022-09-12,JP
682,Elizabeth Rodriguez,customer682@example.com,Enterprise,2022-08-14,JP
683,Christopher Jones,customer683@example.com,Consumer,2020-05-01,IN
684,John Anderson,customer684@example.com,Enterprise,2021-05-29,DE
685,Robert Brown,customer685@example.com,Consumer,2024-11-16,UK
686,Thomas Hernandez,customer686@example.com,Enterprise,2021-01-06,JP
687,Jennifer Davis,customer687@example.com,SMB,2023-06-27,FR
688,Mary Smith,customer688@example.com,Enterprise,2021-05-26,CA
689,Robert Martin,customer689@example.com,Consumer,2024-05-09,BR
690,Robert Martin,customer690@example.com,Enterprise,2024-10-06,AU
691,Joseph Martin,customer691@example.com,SMB,2024-12-20,DE
692,Linda Anderson,customer692@example.com,Enterprise,2021-09-21,KR
693,Olivia Lopez,customer693@example.com,Consumer,2022-12-01,CA
694,Joseph Wilson,customer694@example.com,SMB,2020-02-28,DE
695,Karen Rodriguez,customer695@example.com,Enterprise,2024-07-07,BR
696,Patricia Rodriguez,customer696@example.com,Enterprise,2022-08-17,CA
697,Jennifer Taylor,customer697@example.com,Consumer,2021-10-29,JP
698,Noah Smith,customer698@example.com,SMB,2021-01-25,KR
699,Isabella Garcia,customer699@example.com,Enterprise,2021-01-27,UK
700,Mia Davis,customer700@example.com,Enterprise,2022-11-05,AU
701,Susan Miller,customer701@example.com,Enterprise,2022-08-28,US
702,John Smith,customer702@example.com,Consumer,2021-12-19,JP
703,Olivia Thomas,customer703@example.com,SMB,2023-09-23,KR
704,Susan Hernandez,customer704@example.com,Consumer,2023-03-20,CA
705,Jessica Miller,customer705@example.com,Consumer,2023-06-13,KR
706,Linda Brown,customer706@example.com,Consumer,2023-10-04,BR
707,Robert Hernandez,customer707@example.com,Enterprise,2024-03-19,KR
708,Sarah Smith,customer708@example.com,SMB,2024-02-14,US
709,Joseph Gonzalez,customer709@example.com,Enterprise,2023-10-14,UK
710,Jessica Williams,customer710@example.com,Consumer,2020-11-13,JP
711,Barbara Williams,customer711@example.com,Enterprise,2020-05-18,IN
712,Emma Johnson,customer712@example.com,Enterprise,2021-06-15,AU
713,Ava Miller,customer713@example.com,SMB,2023-02-19,KR
714,Mary Martinez,customer714@example.com,SMB,2021-08-29,CA
715,Elizabeth Wilson,customer715@example.com,Consumer,2021-11-06,FR
716,Jessica Lopez,customer716@example.com,Enterprise,2020-02-26,US
717,Mary Smith,customer717@example.com,SMB,2022-02-13,IN
718,Patricia Davis,customer718@example.com,Enterprise,2021-10-03,DE
719,Mia Brown,customer719@example.com,Enterprise,2022-05-10,US
720,William Moore,customer720@example.com,Consumer,2021-03-14,CA
721,Joseph Johnson,customer721@example.com,Enterprise,2024-04-20,AU
722,John Smith,customer722@example.com,Consumer,2022-11-12,FR
723,Jessica Anderson,customer723@example.com,Enterprise,2023-12-22,KR
724,Susan Davis,customer724@example.com,SMB,2022-01-29,FR
725,Susan Hernandez,customer725@example.com,Consumer,2021-06-08,FR
726,Emma Moore,customer726@example.com,Enterprise,2020-11-26,CA
727,Emma Garcia,customer727@example.com,Enterprise,2024-10-03,JP
728,Robert Garcia,customer728@example.com,Consumer,2024-06-23,FR
729,James Miller,customer729@example.com,SMB,2021-03-11,IN
730,Ava Brown,customer730@example.com,Enterprise,2024-03-08,JP
731,Emma Anderson,customer731@example.com,SMB,2023-05-25,CA
732,Linda Jones,customer732@example.com,SMB,2020-10-14,BR
733,James Moore,customer733@example.com,Consumer,2023-10-09,US
734,Thomas Martin,customer734@example.com,SMB,2023-06-04,UK
735,Barbara Hernandez,customer735@example.com,SMB,2024-01-04,BR
736,Susan Smith,customer736@example.com,SMB,2020-06-21,JP
737,Robert Jackson,customer737@example.com,Consumer,2022-11-03,BR
738,David Brown,customer738@example.com,Consumer,2023-09-25,CA
739,James Williams,customer739@example.com,Enterprise,2024-12-28,UK
740,Linda Taylor,customer740@example.com,Consumer,2020-01-10,US
741,Ava Jones,customer741@example.com,SMB,2024-07-31,JP
742,Sarah Jackson,customer742@example.com,Enterprise,2021-05-08,IN
743,Michael Thomas,customer743@example.com,SMB,2021-08-29,UK
744,James Martinez,customer744@example.com,Consumer,2024-04-07,IN
745,David Brown,customer745@example.com,SMB,2020-05-22,DE
746,Patricia Taylor,customer746@example.com,Consumer,2021-10-31,CA
747,Michael Lopez,customer747@example.com,SMB,2022-05-09,KR
748,Elizabeth Hernandez,customer748@example.com,SMB,2024-08-05,FR
749,Christopher Hernandez,customer749@example.com,Consumer,2023-01-22,IN
750,Jessica Jackson,customer750@example.com,Enterprise,2021-12-01,UK
751,Barbara Wilson,customer751@example.com,Consumer,2023-09-08,FR
752,Karen Brown,customer752@example.com,SMB,2024-01-11,DE
753,Richard Miller,customer753@example.com,Consumer,2023-02-17,UK
754,Elizabeth Brown,customer754@example.com,SMB,2023-08-15,FR
755,Linda Hernandez,customer755@example.com,Consumer,2020-03-17,CA
756,Emma Martinez,customer756@example.com,SMB,2020-11-09,US
757,Sarah Johnson,customer757@example.com,Enterprise,2020-02-07,CA
758,Patricia Martin,customer758@example.com,SMB,2020-09-30,IN
759,Mia Miller,customer759@example.com,Consumer,2023-08-12,IN
760,Jessica Davis,customer760@example.com,SMB,2021-10-08,IN
761,Barbara Garcia,customer761@example.com,SMB,2021-07-03,KR
762,Isabella Miller,customer762@example.com,Consumer,2023-09-28,CA
763,Mia Johnson,customer763@example.com,Enterprise,2022-08-22,IN
764,Richard Jones,customer764@example.com,SMB,2022-04-09,KR
765,Liam Martinez,customer765@example.com,Consumer,2021-11-25,FR
766,Barbara Gonzalez,customer766@example.com,Enterprise,2020-02-05,DE
767,Sarah Martin,customer767@example.com,Enterprise,2022-04-28,DE
768,Charlotte Thomas,customer768@example.com,Consumer,2023-02-24,IN
769,Sarah Smith,customer769@example.com,Consumer,2021-10-12,US
770,Barbara Wilson,customer770@example.com,Enterprise,2023-11-05,UK
771,Charlotte Jackson,customer771@example.com,Consumer,2021-05-07,FR
772,Barbara Moore,customer772@example.com,Enterprise,2022-11-30,KR
773,Mary Moore,customer773@example.com,SMB,2020-03-03,JP
774,Jennifer Taylor,customer774@example.com,Consumer,2022-05-11,DE
775,Emma Lopez,customer775@example.com,Consumer,2024-02-21,US
776,Susan Taylor,customer776@example.com,Enterprise,2021-04-07,DE
777,Richard Hernandez,customer777@example.com,Enterprise,2020-06-05,JP
778,Noah Jones,customer778@example.com,Consumer,2024-06-01,US
779,Sarah Martin,customer779@example.com,Consumer,2022-01-03,KR
780,David Thomas,customer780@example.com,SMB,2022-02-16,AU
781,John Hernandez,customer781@example.com,Enterprise,2022-05-08,IN
782,Ava Thomas,customer782@example.com,Consumer,2022-10-01,UK
783,Jennifer Moore,customer783@example.com,Consumer,2020-11-07,UK
784,Elizabeth Brown,customer784@example.com,SMB,2021-05-08,CA
785,Charlotte Jones,customer785@example.com,Consumer,2022-10-25,US
786,Thomas Rodriguez,customer786@example.com,SMB,2022-06-08,AU
787,Robert Martin,customer787@example.com,Consumer,2020-01-01,UK
788,Barbara Jackson,customer788@example.com,Consumer,2024-05-16,US
789,Sophia Davis,customer789@example.com,Consumer,2022-12-20,BR
790,Thomas Brown,customer790@example.com,SMB,2021-01-12,BR
791,Mia Jones,customer791@example.com,SMB,2024-11-28,AU
792,Emma Martinez,customer792@example.com,Consumer,2023-08-26,US
793,Susan Hernandez,customer793@example.com,Consumer,2023-07-18,UK
794,Isabella Gonzalez,customer794@example.com,Enterprise,2024-02-06,US
795,Sarah Thomas,customer795@example.com,Enterprise,2023-05-09,KR
796,Barbara Rodriguez,customer796@example.com,Consumer,2021-02-27,KR
797,Ava Hernandez,customer797@example.com,SMB,2024-04-30,US
798,Jessica Anderson,customer798@example.com,Consumer,2021-10-02,CA
799,Liam Jackson,customer799@example.com,Consumer,2023-04-18,IN
800,Jessica Lopez,customer800@example.com,Consumer,2022-10-17,JP
801,Mia Miller,customer801@example.com,Consumer,2022-10-08,FR
802,Jennifer Thomas,customer802@example.com,SMB,2022-04-29,UK
803,Mary Hernandez,customer803@example.com,Consumer,2023-02-20,IN
804,Christopher Davis,customer804@example.com,SMB,2022-03-18,US
805,Mia Jackson,customer805@example.com,Enterprise,2021-09-18,FR
806,Noah Smith,customer806@example.com,Enterprise,2024-07-31,US
807,Mary Garcia,customer807@example.com,SMB,2023-12-19,AU
808,Jennifer Anderson,customer808@example.com,SMB,2023-01-11,BR
809,Jennifer Johnson,customer809@example.com,SMB,2023-03-30,AU
810,Barbara Anderson,customer810@example.com,Enterprise,2020-03-02,US
811,Thomas Anderson,customer811@example.com,SMB,2020-04-25,UK
812,John Williams,customer812@example.com,SMB,2021-03-19,CA
813,Liam Williams,customer813@example.com,Enterprise,2023-09-06,US
814,Jennifer Taylor,customer814@example.com,Consumer,2023-12-15,IN
815,Jennifer Gonzalez,customer815@example.com,Enterprise,2020-03-06,UK
816,Linda Wilson,customer816@example.com,Consumer,2022-06-04,FR
817,Christopher Davis,customer817@example.com,Consumer,2020-06-22,US
818,Sophia Rodriguez,customer818@example.com,SMB,2024-06-05,US
819,Richard Miller,customer819@example.com,Consumer,2024-12-15,BR
820,Richard Garcia,customer820@example.com,Consumer,2021-06-05,US
821,John Lopez,customer821@example.com,Consumer,2020-04-25,DE
822,William Hernandez,customer822@example.com,Enterprise,2020-04-21,CA
823,Susan Jackson,customer823@example.com,Enterprise,2023-09-29,UK
824,Jessica Miller,customer824@example.com,Enterprise,2020-07-14,JP
825,John Gonzalez,customer825@example.com,SMB,2024-01-09,FR
826,Sarah Davis,customer826@example.com,Enterprise,2022-03-05,BR
827,Ava Johnson,customer827@example.com,Consumer,2024-12-30,UK
828,Karen Martin,customer828@example.com,SMB,2023-11-10,CA
829,Barbara Garcia,customer829@example.com,Enterprise,2023-07-07,UK
830,Noah Jones,customer830@example.com,Consumer,2021-12-17,DE
831,Barbara Miller,customer831@example.com,Consumer,2023-11-12,KR
832,Susan Gonzalez,customer832@example.com,Consumer,2022-12-10,FR
833,Isabella Jones,customer833@example.com,SMB,2020-02-02,CA
834,Christopher Miller,customer834@example.com,Enterprise,2024-01-17,AU
835,Christopher Jones,customer835@example.com,Enterprise,2022-11-28,FR
836,Christopher Hernandez,customer836@example.com,SMB,2020-01-27,AU
837,James Jackson,customer837@example.com,Consumer,2020-03-29,BR
838,Mia Jackson,customer838@example.com,Enterprise,2024-02-16,US
839,Olivia Miller,customer839@example.com,SMB,2021-12-14,FR
840,Amelia Rodriguez,customer840@example.com,Enterprise,2022-04-11,JP
841,Mia Rodriguez,customer841@example.com,Enterprise,2020-03-04,JP
842,Sarah Brown,customer842@example.com,Enterprise,2020-03-08,US
843,Sarah Hernandez,customer843@example.com,Consumer,2021-12-03,JP
844,Richard Martin,customer844@example.com,SMB,2020-04-22,IN
845,Liam Williams,customer845@example.com,SMB,2021-01-05,BR
846,Sarah Gonzalez,customer846@example.com,Consumer,2021-07-19,CA
847,Karen Brown,customer847@example.com,SMB,2024-06-03,KR
848,Olivia Martin,customer848@example.com,Enterprise,2020-01-30,FR
849,Barbara Jackson,customer849@example.com,Consumer,2020-02-20,FR
850,Jennifer Taylor,customer850@example.com,Consumer,2020-05-14,UK
851,Christopher Thomas,customer851@example.com,Enterprise,2022-05-24,IN
852,Ava Wilson,customer852@example.com,Enterprise,2020-12-23,IN
853,Liam Moore,customer853@example.com,Consumer,2020-03-27,AU
854,Thomas Anderson,customer854@example.com,SMB,2022-08-25,JP
855,David Jackson,customer855@example.com,SMB,2020-11-26,DE
856,Olivia Jackson,customer856@example.com,Consumer,2023-01-21,AU
857,James Smith,customer857@example.com,Consumer,2020-09-21,UK
858,Isabella Davis,customer858@example.com,SMB,2022-07-17,CA
859,Joseph Brown,customer859@example.com,SMB,2022-01-19,BR
860,Sophia Hernandez,customer860@example.com,SMB,2022-06-04,IN
861,Ava Johnson,customer861@example.com,SMB,2022-07-05,FR
862,David Garcia,customer862@example.com,Consumer,2024-11-12,JP
863,David Jones,customer863@example.com,Enterprise,2023-03-30,JP
864,Karen Martinez,customer864@example.com,Enterprise,2021-10-14,AU
865,Christopher Garcia,customer865@example.com,Enterprise,2024-09-25,CA
866,Karen Johnson,customer866@example.com,Enterprise,2024-05-26,BR
867,John Davis,customer867@example.com,SMB,2024-09-04,UK
868,Christopher Smith,customer868@example.com,Enterprise,2022-10-06,KR
869,John Miller,customer869@example.com,Consumer,2021-09-20,JP
870,Susan Jones,customer870@example.com,Enterprise,2021-12-23,KR
871,Olivia Martin,customer871@example.com,Consumer,2020-01-14,UK
872,Sarah Smith,customer872@example.com,Consumer,2020-05-18,JP
873,John Williams,customer873@example.com,Enterprise,2023-11-13,DE
874,Linda Jones,customer874@example.com,Enterprise,2022-03-02,FR
875,Jennifer Anderson,customer875@example.com,Enterprise,2024-02-02,UK
876,Patricia Garcia,customer876@example.com,SMB,2021-10-06,AU
877,Jennifer Thomas,customer877@example.com,SMB,2021-08-25,AU
878,Amelia Davis,customer878@example.com,Consumer,2024-09-10,UK
879,William Johnson,customer879@example.com,Consumer,2021-06-01,CA
880,Liam Moore,customer880@example.com,SMB,2022-10-16,KR
881,Noah Moore,customer881@example.com,Enterprise,2024-02-12,BR
882,Ava Rodriguez,customer882@example.com,Consumer,2020-11-21,CA
883,William Williams,customer883@example.com,Enterprise,2021-04-08,DE
884,James Taylor,customer884@example.com,Consumer,2021-10-22,FR
885,Sophia Thomas,customer885@example.com,Enterprise,2022-12-15,FR
886,Joseph Smith,customer886@example.com,SMB,2020-04-23,IN
887,Noah Taylor,customer887@example.com,SMB,2022-04-16,IN
888,Noah Jackson,customer888@example.com,Consumer,2020-12-10,UK
889,Noah Davis,customer889@example.com,SMB,2021-05-20,JP
890,Elizabeth Davis,customer890@example.com,Enterprise,2023-04-04,IN
891,Emma Taylor,customer891@example.com,Consumer,2023-02-23,CA
892,Amelia Jones,customer892@example.com,Enterprise,2023-05-16,JP
893,Christopher Johnson,customer893@example.com,Consumer,2022-12-07,BR
894,Elizabeth Garcia,customer894@example.com,SMB,2020-07-06,JP
895,William Miller,customer895@example.com,Enterprise,2020-11-30,JP
896,Sophia Jones,customer896@example.com,Enterprise,2023-09-01,DE
897,Richard Johnson,customer897@example.com,Consumer,2023-10-23,US
898,Patricia Hernandez,customer898@example.com,SMB,2024-12-14,IN
899,Charlotte Garcia,customer899@example.com,Enterprise,2024-08-02,IN
900,Olivia Taylor,customer900@example.com,Enterprise,2023-05-19,UK
901,Joseph Hernandez,customer901@example.com,Consumer,2023-08-26,AU
902,David Rodriguez,customer902@example.com,Consumer,2021-05-02,DE
903,Thomas Martinez,customer903@example.com,Consumer,2022-05-30,AU
904,Mia Moore,customer904@example.com,SMB,2024-05-10,UK
905,Sophia Hernandez,customer905@example.com,Enterprise,2024-04-10,DE
906,Michael Smith,customer906@example.com,Enterprise,2023-10-04,BR
907,John Wilson,customer907@example.com,SMB,2023-07-21,BR
908,Patricia Wilson,customer908@example.com,SMB,2024-02-09,IN
909,John Jackson,customer909@example.com,Enterprise,2023-08-18,CA
910,Michael Smith,customer910@example.com,Consumer,2021-11-01,DE
911,Emma Anderson,customer911@example.com,Enterprise,2022-03-23,CA
912,David Johnson,customer912@example.com,SMB,2022-12-08,DE
913,Jennifer Moore,customer913@example.com,SMB,2023-12-07,KR
914,Jennifer Wilson,customer914@example.com,Enterprise,2022-12-27,FR
915,Mia Wilson,customer915@example.com,SMB,2021-02-22,CA
916,Ava Hernandez,customer916@example.com,Consumer,2022-07-05,FR
917,Ava Wilson,customer917@example.com,SMB,2024-04-02,AU
918,Jessica Smith,customer918@example.com,Enterprise,2024-09-22,CA
919,John Martinez,customer919@example.com,Enterprise,2021-02-06,CA
920,Thomas Moore,customer920@example.com,SMB,2021-06-13,FR
921,Sarah Davis,customer921@example.com,Consumer,2021-06-10,KR
922,Emma Martin,customer922@example.com,Consumer,2022-07-05,FR
923,Liam Smith,customer923@example.com,SMB,2020-08-27,BR
924,Susan Williams,customer924@example.com,Enterprise,2023-12-11,JP
925,David Wilson,customer925@example.com,Consumer,2021-10-27,KR
926,Sophia Thomas,customer926@example.com,SMB,2022-02-25,UK
927,Amelia Gonzalez,customer927@example.com,Consumer,2023-07-31,AU
928,John Miller,customer928@example.com,Consumer,2020-12-08,KR
929,Noah Martinez,customer929@example.com,SMB,2022-09-15,US
930,Susan Davis,customer930@example.com,SMB,2020-04-25,UK
931,Charlotte Jones,customer931@example.com,Consumer,2024-12-16,IN
932,Joseph Davis,customer932@example.com,Enterprise,2023-11-22,US
933,Linda Gonzalez,customer933@example.com,Consumer,2024-05-23,KR
934,Barbara Smith,customer934@example.com,Enterprise,2023-10-03,FR
935,Charlotte Taylor,customer935@example.com,Consumer,2022-06-05,IN
936,Michael Smith,customer936@example.com,Enterprise,2020-09-04,FR
937,James Davis,customer937@example.com,SMB,2020-11-11,IN
938,Isabella Miller,customer938@example.com,Enterprise,2024-08-13,JP
939,David Johnson,customer939@example.com,Consumer,2022-09-20,US
940,Richard Davis,customer940@example.com,SMB,2021-03-25,FR
941,Christopher Lopez,customer941@example.com,Enterprise,2020-08-29,BR
942,Michael Gonzalez,customer942@example.com,Consumer,2022-04-25,BR
943,Charlotte Smith,customer943@example.com,Consumer,2020-03-16,FR
944,Noah Moore,customer944@example.com,Consumer,2024-06-30,DE
945,Olivia Miller,customer945@example.com,SMB,2024-09-09,DE
946,Susan Taylor,customer946@example.com,Consumer,2020-03-29,FR
947,Elizabeth Anderson,customer947@example.com,Enterprise,2024-02-13,IN
948,Emma Smith,customer948@example.com,SMB,2023-11-24,FR
949,Robert Anderson,customer949@example.com,SMB,2023-10-01,US
950,Susan Jackson,customer950@example.com,Consumer,2024-05-14,AU
951,Richard Rodriguez,customer951@example.com,Consumer,2023-01-22,KR
952,Susan Smith,customer952@example.com,SMB,2020-06-21,JP
953,John Smith,customer953@example.com,Consumer,2023-05-02,CA
954,Michael Miller,customer954@example.com,Enterprise,2024-09-14,US
955,Ava Garcia,customer955@example.com,Consumer,2022-08-08,FR
956,Olivia Rodriguez,customer956@example.com,Enterprise,2022-06-22,FR
957,Thomas Miller,customer957@example.com,SMB,2023-07-20,DE
958,Susan Lopez,customer958@example.com,SMB,2020-01-20,US
959,Sophia Taylor,customer959@example.com,SMB,2024-10-20,AU
960,Barbara Lopez,customer960@example.com,Consumer,2024-08-27,DE
961,Linda Wilson,customer961@example.com,Enterprise,2021-03-03,US
962,Charlotte Brown,customer962@example.com,Consumer,2020-06-06,KR
963,Sarah Jackson,customer963@example.com,Consumer,2023-12-10,FR
964,Thomas Taylor,customer964@example.com,Enterprise,2024-07-23,FR
965,Olivia Wilson,customer965@example.com,SMB,2024-10-31,JP
966,Liam Garcia,customer966@example.com,SMB,2024-12-05,FR
967,Isabella Gonzalez,customer967@example.com,SMB,2024-08-08,KR
968,Elizabeth Jackson,customer968@example.com,Consumer,2020-11-10,BR
969,David Martin,customer969@example.com,Consumer,2023-05-25,UK
970,Liam Smith,customer970@example.com,Enterprise,2022-10-25,FR
971,Susan Gonzalez,customer971@example.com,Enterprise,2023-07-26,UK
972,James Martinez,customer972@example.com,Enterprise,2023-01-24,IN
973,Sarah Hernandez,customer973@example.com,Consumer,2024-10-05,DE
974,Mia Lopez,customer974@example.com,Consumer,2020-06-27,DE
975,Barbara Gonzalez,customer975@example.com,Consumer,2020-03-19,DE
976,David Davis,customer976@example.com,Enterprise,2022-01-03,JP
977,Karen Thomas,customer977@example.com,Enterprise,2024-12-29,UK
978,Olivia Moore,customer978@example.com,Enterprise,2022-06-20,FR
979,Charlotte Anderson,customer979@example.com,SMB,2022-07-14,IN
980,Charlotte Smith,customer980@example.com,SMB,2021-11-22,DE
981,Noah Brown,customer981@example.com,Enterprise,2024-09-25,FR
982,Elizabeth Martin,customer982@example.com,Enterprise,2021-06-01,UK
983,Amelia Miller,customer983@example.com,Consumer,2021-10-01,UK
984,Isabella Jackson,customer984@example.com,SMB,2021-05-23,JP
985,Christopher Wilson,customer985@example.com,SMB,2020-06-30,IN
986,Olivia Smith,customer986@example.com,Enterprise,2020-02-21,BR
987,John Martin,customer987@example.com,SMB,2024-08-03,CA
988,Richard Martinez,customer988@example.com,Consumer,2020-12-05,KR
989,Susan Brown,customer989@example.com,Consumer,2022-01-11,CA
990,Linda Jones,customer990@example.com,Enterprise,2020-02-02,UK
991,Sarah Jones,customer991@example.com,SMB,2022-11-08,FR
992,Thomas Lopez,customer992@example.com,Consumer,2022-08-30,KR
993,Amelia Thomas,customer993@example.com,Enterprise,2021-02-19,DE
994,Richard Smith,customer994@example.com,Consumer,2022-08-09,BR
995,William Taylor,customer995@example.com,Consumer,2023-07-25,AU
996,Noah Martinez,customer996@example.com,SMB,2020-11-21,AU
997,William Wilson,customer997@example.com,Consumer,2020-04-04,KR
998,Isabella Miller,customer998@example.com,Enterprise,2020-04-17,US
999,John Lopez,customer999@example.com,Enterprise,2022-02-11,US
1000,Liam Martin,customer1000@example.com,Enterprise,2022-06-04,FR
1001,Mary Brown,customer1001@example.com,SMB,2024-07-18,UK
1002,Mia Miller,customer1002@example.com,Enterprise,2022-11-20,FR
1003,Joseph Lopez,customer1003@example.com,Enterprise,2024-07-26,BR
1004,Richard Rodriguez,customer1004@example.com,SMB,2023-04-14,CA
1005,Thomas Anderson,customer1005@example.com,SMB,2020-07-21,JP
1006,Mia Wilson,customer1006@example.com,Consumer,2022-05-17,US
1007,Patricia Jones,customer1007@example.com,Enterprise,2024-06-17,KR
1008,Isabella Davis,customer1008@example.com,Enterprise,2020-07-30,JP
1009,Patricia Jones,customer1009@example.com,SMB,2020-01-25,FR
1010,Christopher Gonzalez,customer1010@example.com,Consumer,2023-08-22,FR
1011,Susan Gonzalez,customer1011@example.com,SMB,2020-01-25,US
1012,Christopher Brown,customer1012@example.com,Consumer,2024-08-11,AU
1013,Karen Jackson,customer1013@example.com,Enterprise,2020-11-18,JP
1014,Linda Taylor,customer1014@example.com,Enterprise,2020-04-06,AU
1015,Jennifer Rodriguez,customer1015@example.com,SMB,2021-05-05,FR
1016,Amelia Wilson,customer1016@example.com,Consumer,2022-07-25,KR
1017,Thomas Wilson,customer1017@example.com,Enterprise,2020-06-12,UK
1018,Noah Moore,customer1018@example.com,Enterprise,2022-01-12,US
1019,Barbara Rodriguez,customer1019@example.com,Enterprise,2021-03-01,CA
1020,Ava Rodriguez,customer1020@example.com,SMB,2020-04-02,CA
1021,Robert Anderson,customer1021@example.com,SMB,2022-10-15,UK
1022,Noah Thomas,customer1022@example.com,Consumer,2021-04-08,KR
1023,Noah Gonzalez,customer1023@example.com,Consumer,2024-01-21,US
1024,Michael Martin,customer1024@example.com,SMB,2023-02-26,DE
1025,Barbara Thomas,customer1025@example.com,SMB,2020-09-19,CA
1026,Patricia Martin,customer1026@example.com,SMB,2022-12-06,FR
1027,Amelia Garcia,customer1027@example.com,SMB,2021-02-02,IN
1028,Jennifer Martin,customer1028@example.com,SMB,2024-03-30,BR
1029,Susan Williams,customer1029@example.com,SMB,2023-10-20,UK
1030,Michael Martin,customer1030@example.com,SMB,2024-04-08,IN
1031,Michael Jones,customer1031@example.com,Enterprise,2021-03-25,CA
1032,Joseph Williams,customer1032@example.com,SMB,2020-01-28,BR
1033,Elizabeth Hernandez,customer1033@example.com,Consumer,2024-10-22,CA
1034,Sophia Hernandez,customer1034@example.com,SMB,2024-04-14,FR
1035,Christopher Davis,customer1035@example.com,SMB,2020-10-21,US
1036,Robert Brown,customer1036@example.com,Consumer,2022-10-27,DE
1037,Noah Martinez,customer1037@example.com,Consumer,2021-09-04,KR
1038,David Martinez,customer1038@example.com,Enterprise,2022-11-04,CA
1039,Joseph Jones,customer1039@example.com,Enterprise,2022-07-20,US
1040,Isabella Wilson,customer1040@example.com,Consumer,2022-10-15,JP
1041,Sarah Garcia,customer1041@example.com,Enterprise,2023-11-12,JP
1042,Olivia Davis,customer1042@example.com,SMB,2024-05-10,CA
1043,Richard Rodriguez,customer1043@example.com,Enterprise,2024-03-25,JP
1044,Karen Gonzalez,customer1044@example.com,Enterprise,2023-10-26,DE
1045,Barbara Garcia,customer1045@example.com,Enterprise,2020-03-13,DE
1046,Amelia Brown,customer1046@example.com,Enterprise,2021-09-30,CA
1047,Patricia Rodriguez,customer1047@example.com,SMB,2022-12-05,CA
1048,Susan Thomas,customer1048@example.com,Consumer,2023-06-19,AU
1049,Sophia Jackson,customer1049@example.com,SMB,2020-01-09,KR
1050,Karen Jones,customer1050@example.com,Consumer,2022-11-15,AU
1051,Barbara Thomas,customer1051@example.com,SMB,2024-11-21,UK
1052,William Wilson,customer1052@example.com,SMB,2022-11-15,US
1053,Thomas Martin,customer1053@example.com,Consumer,2023-11-16,US
1054,William Brown,customer1054@example.com,Enterprise,2020-07-11,DE
1055,Elizabeth Martinez,customer1055@example.com,Enterprise,2021-10-21,BR
1056,William Rodriguez,customer1056@example.com,SMB,2022-05-19,IN
1057,Thomas Davis,customer1057@example.com,SMB,2021-06-10,DE
1058,William Davis,customer1058@example.com,SMB,2021-06-21,US
1059,Susan Moore,customer1059@example.com,SMB,2020-10-16,AU
1060,Christopher Garcia,customer1060@example.com,SMB,2022-08-08,FR
1061,James Jackson,customer1061@example.com,Consumer,2022-09-06,AU
1062,Mia Rodriguez,customer1062@example.com,SMB,2024-11-27,UK
1063,Robert Williams,customer1063@example.com,Enterprise,2023-10-14,BR
1064,Noah Rodriguez,customer1064@example.com,Enterprise,2022-05-28,US
1065,Liam Johnson,customer1065@example.com,Consumer,2024-04-30,UK
1066,Noah Anderson,customer1066@example.com,SMB,2024-04-11,CA
1067,Richard Hernandez,customer1067@example.com,SMB,2024-01-04,DE
1068,Noah Taylor,customer1068@example.com,SMB,2022-03-22,BR
1069,Susan Johnson,customer1069@example.com,SMB,2023-09-17,KR
1070,David Gonzalez,customer1070@example.com,SMB,2022-06-01,BR
1071,William Garcia,customer1071@example.com,Consumer,2020-10-07,BR
1072,Mia Lopez,customer1072@example.com,SMB,2022-06-20,US
1073,Amelia Jones,customer1073@example.com,Enterprise,2020-08-16,CA
1074,Charlotte Brown,customer1074@example.com,Consumer,2023-11-24,IN
1075,Sarah Anderson,customer1075@example.com,Enterprise,2021-12-18,AU
1076,Jennifer Wilson,customer1076@example.com,Enterprise,2021-02-04,DE
1077,Isabella Thomas,customer1077@example.com,Enterprise,2023-06-10,IN
1078,John Jackson,customer1078@example.com,SMB,2024-03-18,BR
1079,Jessica Jones,customer1079@example.com,SMB,2022-11-09,KR
1080,Jennifer Gonzalez,customer1080@example.com,SMB,2024-12-17,DE
1081,Linda Jones,customer1081@example.com,Consumer,2020-01-04,KR
1082,Olivia Moore,customer1082@example.com,SMB,2020-05-02,IN
1083,Noah Thomas,customer1083@example.com,Consumer,2020-06-16,CA
1084,James Martin,customer1084@example.com,SMB,2020-09-10,KR
1085,Christopher Martinez,customer1085@example.com,SMB,2020-09-16,UK
1086,Robert Martin,customer1086@example.com,SMB,2021-11-01,CA
1087,Karen Johnson,customer1087@example.com,Consumer,2023-09-30,CA
1088,Joseph Moore,customer1088@example.com,Consumer,2020-09-06,AU
1089,Robert Johnson,customer1089@example.com,SMB,2020-10-25,US
1090,Michael Martinez,customer1090@example.com,SMB,2022-03-05,JP
1091,Karen Lopez,customer1091@example.com,Consumer,2022-05-18,JP
1092,Barbara Smith,customer1092@example.com,Consumer,2021-10-03,JP
1093,Christopher Davis,customer1093@example.com,Consumer,2024-01-31,FR
1094,Mary Johnson,customer1094@example.com,SMB,2020-03-01,BR
1095,Ava Martin,customer1095@example.com,Enterprise,2021-10-10,KR
1096,Michael Wilson,customer1096@example.com,Consumer,2024-01-15,UK
1097,Joseph Moore,customer1097@example.com,SMB,2021-09-13,JP
1098,Karen Jackson,customer1098@example.com,SMB,2020-08-30,FR
1099,Karen Moore,customer1099@example.com,Consumer,2022-11-29,FR
1100,Mia Hernandez,customer1100@example.com,Consumer,2020-09-30,DE
1101,Noah Taylor,customer1101@example.com,Enterprise,2022-11-24,CA
1102,Robert Rodriguez,customer1102@example.com,SMB,2020-09-10,UK
1103,Mia Rodriguez,customer1103@example.com,SMB,2023-07-20,KR
1104,Christopher Wilson,customer1104@example.com,Enterprise,2023-03-30,BR
1105,Olivia Anderson,customer1105@example.com,SMB,2022-06-07,JP
1106,Karen Wilson,customer1106@example.com,SMB,2024-12-04,IN
1107,Thomas Johnson,customer1107@example.com,Enterprise,2021-04-22,JP
1108,James Smith,customer1108@example.com,Enterprise,2020-02-04,US
1109,Michael Garcia,customer1109@example.com,Enterprise,2024-08-12,FR
1110,Jennifer Martin,customer1110@example.com,SMB,2022-04-12,US
1111,Christopher Rodriguez,customer1111@example.com,Enterprise,2021-02-19,IN
1112,Karen Rodriguez,customer1112@example.com,Consumer,2020-04-28,JP
1113,Jennifer Wilson,customer1113@example.com,SMB,2023-08-15,JP
1114,David Johnson,customer1114@example.com,SMB,2021-09-23,FR
1115,Christopher Taylor,customer1115@example.com,Consumer,2021-05-28,JP
1116,Jennifer Martinez,customer1116@example.com,Consumer,2020-11-17,AU
1117,David Williams,customer1117@example.com,Enterprise,2022-12-09,KR
1118,Patricia Williams,customer1118@example.com,Consumer,2024-07-13,US
1119,Charlotte Garcia,customer1119@example.com,SMB,2024-08-22,UK
1120,Isabella Miller,customer1120@example.com,Consumer,2023-04-05,US
1121,Karen Taylor,customer1121@example.com,Enterprise,2023-12-13,JP
1122,James Moore,customer1122@example.com,Consumer,2024-06-13,BR
1123,Linda Rodriguez,customer1123@example.com,Enterprise,2024-07-27,BR
1124,Ava Brown,customer1124@example.com,Enterprise,2022-07-09,US
1125,Mia Jackson,customer1125@example.com,Enterprise,2020-09-24,BR
1126,Olivia Anderson,customer1126@example.com,Enterprise,2022-10-12,AU
1127,Linda Lopez,customer1127@example.com,Enterprise,2023-05-25,UK
1128,Mary Smith,customer1128@example.com,Enterprise,2023-09-06,IN
1129,Liam Garcia,customer1129@example.com,Consumer,2023-09-21,JP
1130,Joseph Wilson,customer1130@example.com,SMB,2020-07-21,IN
1131,Linda Lopez,customer1131@example.com,Consumer,2024-10-30,US
1132,Patricia Gonzalez,customer1132@example.com,Enterprise,2024-04-02,US
1133,Patricia Garcia,customer1133@example.com,SMB,2021-09-25,UK
1134,Linda Hernandez,customer1134@example.com,SMB,2023-08-09,DE
1135,Robert Smith,customer1135@example.com,Consumer,2024-09-16,DE
1136,Linda Martin,customer1136@example.com,Enterprise,2021-04-14,CA
1137,Christopher Rodriguez,customer1137@example.com,SMB,2021-05-16,UK
1138,Sophia Garcia,customer1138@example.com,Consumer,2023-04-26,US
1139,Amelia Hernandez,customer1139@example.com,Enterprise,2023-10-20,BR
1140,James Anderson,customer1140@example.com,Consumer,2023-01-10,UK
1141,Olivia Taylor,customer1141@example.com,Consumer,2020-05-20,UK
1142,Karen Wilson,customer1142@example.com,SMB,2020-01-02,DE
1143,Noah Garcia,customer1143@example.com,Enterprise,2024-08-06,AU
1144,Patricia Taylor,customer1144@example.com,Enterprise,2021-01-30,FR
1145,Barbara Rodriguez,customer1145@example.com,SMB,2020-05-02,AU
1146,Joseph Gonzalez,customer1146@example.com,Enterprise,2024-12-29,US
1147,Sophia Brown,customer1147@example.com,Enterprise,2020-09-30,JP
1148,Michael Wilson,customer1148@example.com,SMB,2020-05-11,BR
1149,Christopher Miller,customer1149@example.com,SMB,2022-01-30,IN
1150,Olivia Johnson,customer1150@example.com,SMB,2023-01-14,UK
1151,Isabella Lopez,customer1151@example.com,Consumer,2022-06-29,KR
1152,Amelia Gonzalez,customer1152@example.com,SMB,2023-08-28,JP
1153,Jessica Taylor,customer1153@example.com,Enterprise,2023-10-02,KR
1154,Liam Wilson,customer1154@example.com,SMB,2020-01-09,BR
1155,Jennifer Moore,customer1155@example.com,SMB,2020-02-13,KR
1156,John Wilson,customer1156@example.com,Enterprise,2020-12-19,UK
1157,Mary Rodriguez,customer1157@example.com,Consumer,2021-12-01,BR
1158,Elizabeth Gonzalez,customer1158@example.com,Consumer,2021-08-05,KR
1159,Ava Taylor,customer1159@example.com,SMB,2020-11-25,AU
1160,Patricia Brown,customer1160@example.com,Consumer,2020-06-17,US
1161,Amelia Williams,customer1161@example.com,Consumer,2024-08-06,AU
1162,Richard Wilson,customer1162@example.com,Consumer,2022-09-26,AU
1163,Liam Lopez,customer1163@example.com,Consumer,2020-03-10,DE
1164,Elizabeth Johnson,customer1164@example.com,SMB,2021-08-23,US
1165,Jessica Williams,customer1165@example.com,Enterprise,2023-12-25,US
1166,Barbara Martin,customer1166@example.com,Enterprise,2022-01-29,IN
1167,Robert Smith,customer1167@example.com,SMB,2024-11-11,IN
1168,Karen Davis,customer1168@example.com,Enterprise,2020-05-03,BR
1169,William Lopez,customer1169@example.com,SMB,2022-07-13,AU
1170,Susan Smith,customer1170@example.com,SMB,2024-04-13,CA
1171,Liam Johnson,customer1171@example.com,SMB,2024-08-31,BR
1172,Charlotte Hernandez,customer1172@example.com,Enterprise,2020-05-10,JP
1173,Christopher Garcia,customer1173@example.com,SMB,2020-11-05,FR
1174,Noah Johnson,customer1174@example.com,SMB,2024-03-02,IN
1175,Jessica Moore,customer1175@example.com,Enterprise,2022-05-25,BR
1176,Mia Lopez,customer1176@example.com,Consumer,2023-03-11,CA
1177,Emma Garcia,customer1177@example.com,Consumer,2024-10-12,FR
1178,Thomas Thomas,customer1178@example.com,Enterprise,2021-12-30,BR
1179,Sophia Jones,customer1179@example.com,SMB,2024-04-29,FR
1180,Robert Johnson,customer1180@example.com,Consumer,2021-07-29,DE
1181,Olivia Anderson,customer1181@example.com,SMB,2020-11-03,JP
1182,Jessica Martin,customer1182@example.com,Enterprise,2021-07-26,FR
1183,Emma Williams,customer1183@example.com,Consumer,2023-05-25,AU
1184,William Williams,customer1184@example.com,Enterprise,2020-01-28,BR
1185,Michael Williams,customer1185@example.com,SMB,2020-01-01,BR
1186,Christopher Johnson,customer1186@example.com,Enterprise,2024-06-05,JP
1187,Olivia Thomas,customer1187@example.com,Consumer,2021-05-31,BR
1188,Michael Garcia,customer1188@example.com,SMB,2020-06-19,US
1189,Elizabeth Rodriguez,customer1189@example.com,Enterprise,2021-01-29,KR
1190,Mary Rodriguez,customer1190@example.com,SMB,2022-07-30,DE
1191,Thomas Anderson,customer1191@example.com,SMB,2021-12-16,DE
1192,Linda Smith,customer1192@example.com,SMB,2020-08-18,CA
1193,Jennifer Hernandez,customer1193@example.com,SMB,2023-02-26,KR
1194,Michael Gonzalez,customer1194@example.com,Enterprise,2022-11-04,CA
1195,Olivia Martin,customer1195@example.com,SMB,2021-09-24,US
1196,Karen Smith,customer1196@example.com,Consumer,2020-11-05,IN
1197,Charlotte Jones,customer1197@example.com,SMB,2024-04-04,CA
1198,Susan Brown,customer1198@example.com,Enterprise,2024-05-16,DE
1199,Olivia Thomas,customer1199@example.com,SMB,2020-01-31,KR
1200,John Gonzalez,customer1200@example.com,Enterprise,2023-03-16,IN
1201,Isabella Moore,customer1201@example.com,SMB,2021-03-10,IN
1202,Barbara Thomas,customer1202@example.com,SMB,2023-04-19,JP
1203,William Rodriguez,customer1203@example.com,Enterprise,2024-03-07,CA
1204,Christopher Lopez,customer1204@example.com,SMB,2024-01-31,DE
1205,Isabella Williams,customer1205@example.com,Consumer,2023-02-21,DE
1206,Robert Martinez,customer1206@example.com,Consumer,2023-04-05,CA
1207,Ava Thomas,customer1207@example.com,Enterprise,2024-05-09,UK
1208,William Jones,customer1208@example.com,Enterprise,2023-06-09,FR
1209,Mia Taylor,customer1209@example.com,SMB,2023-01-24,JP
1210,Karen Williams,customer1210@example.com,Consumer,2023-10-30,AU
1211,Jessica Jones,customer1211@example.com,Consumer,2021-02-15,KR
1212,Olivia Moore,customer1212@example.com,SMB,2024-10-11,CA
1213,Ava Miller,customer1213@example.com,Enterprise,2021-10-04,KR
1214,John Garcia,customer1214@example.com,Enterprise,2024-10-16,US
1215,Olivia Jackson,customer1215@example.com,Enterprise,2020-08-31,CA
1216,Robert Wilson,customer1216@example.com,Consumer,2021-09-14,IN
1217,Sarah Miller,customer1217@example.com,SMB,2023-10-17,CA
1218,Amelia Johnson,customer1218@example.com,SMB,2022-07-09,CA
1219,Noah Gonzalez,customer1219@example.com,Consumer,2022-05-18,CA
1220,Barbara Smith,customer1220@example.com,Consumer,2022-06-07,BR
1221,Charlotte Williams,customer1221@example.com,Enterprise,2021-08-08,AU
1222,Thomas Johnson,customer1222@example.com,SMB,2022-04-07,KR
1223,Charlotte Wilson,customer1223@example.com,Consumer,2023-06-25,IN
1224,Amelia Jones,customer1224@example.com,Consumer,2024-08-17,KR
1225,Robert Rodriguez,customer1225@example.com,Enterprise,2022-01-07,AU
1226,Patricia Williams,customer1226@example.com,Enterprise,2020-08-29,UK
1227,John Jones,customer1227@example.com,SMB,2023-02-28,IN
1228,Jessica Martinez,customer1228@example.com,Consumer,2022-12-17,CA
1229,Richard Jones,customer1229@example.com,Consumer,2020-11-02,UK
1230,Liam Rodriguez,customer1230@example.com,Consumer,2020-01-21,US
1231,Susan Jackson,customer1231@example.com,SMB,2024-10-22,UK
1232,Patricia Lopez,customer1232@example.com,SMB,2020-02-20,CA
1233,Noah Gonzalez,customer1233@example.com,Consumer,2021-12-12,DE
1234,Michael Davis,customer1234@example.com,Enterprise,2020-03-15,IN
1235,Amelia Martin,customer1235@example.com,Enterprise,2021-09-03,AU
1236,Joseph Rodriguez,customer1236@example.com,SMB,2024-10-19,CA
1237,Karen Miller,customer1237@example.com,Consumer,2023-08-25,US
1238,Joseph Miller,customer1238@example.com,Consumer,2022-01-23,JP
1239,William Taylor,customer1239@example.com,SMB,2021-02-03,US
1240,William Martin,customer1240@example.com,Consumer,2020-01-14,BR
1241,Sarah Martin,customer1241@example.com,Enterprise,2020-09-07,DE
1242,David Martinez,customer1242@example.com,SMB,2020-06-01,US
1243,Isabella Taylor,customer1243@example.com,Enterprise,2020-07-04,US
1244,Charlotte Thomas,customer1244@example.com,SMB,2020-01-11,US
1245,Richard Williams,customer1245@example.com,SMB,2021-08-15,FR
1246,Noah Taylor,customer1246@example.com,Consumer,2024-10-31,BR
1247,Linda Jones,customer1247@example.com,Consumer,2024-07-02,JP
1248,Karen Rodriguez,customer1248@example.com,SMB,2024-08-06,BR
1249,Linda Martin,customer1249@example.com,Enterprise,2022-02-13,JP
1250,John Davis,customer1250@example.com,Consumer,2022-11-22,JP
1251,Ava Hernandez,customer1251@example.com,Consumer,2022-05-18,KR
1252,Joseph Martin,customer1252@example.com,Enterprise,2021-12-27,KR
1253,Jennifer Davis,customer1253@example.com,Consumer,2022-05-27,BR
1254,Thomas Taylor,customer1254@example.com,Consumer,2021-04-17,DE
1255,John Garcia,customer1255@example.com,Consumer,2022-02-17,CA
1256,James Anderson,customer1256@example.com,Enterprise,2023-11-24,AU
1257,Linda Miller,customer1257@example.com,SMB,2021-05-20,FR
1258,Isabella Rodriguez,customer1258@example.com,Consumer,2020-04-03,FR
1259,Ava Jackson,customer1259@example.com,Enterprise,2024-07-22,US
1260,Olivia Jackson,customer1260@example.com,SMB,2022-03-16,UK
1261,Liam Garcia,customer1261@example.com,Enterprise,2022-12-31,IN
1262,Isabella Brown,customer1262@example.com,SMB,2023-07-10,BR
1263,Isabella Gonzalez,customer1263@example.com,SMB,2023-07-03,AU
1264,David Davis,customer1264@example.com,Consumer,2021-12-06,KR
1265,Isabella Thomas,customer1265@example.com,Consumer,2021-05-17,US
1266,Patricia Martinez,customer1266@example.com,SMB,2020-06-29,IN
1267,David Brown,customer1267@example.com,Consumer,2020-09-14,UK
1268,Sarah Anderson,customer1268@example.com,SMB,2020-10-02,IN
1269,Thomas Jones,customer1269@example.com,Enterprise,2021-08-19,JP
1270,Michael Miller,customer1270@example.com,SMB,2023-08-24,AU
1271,Elizabeth Taylor,customer1271@example.com,Enterprise,2024-03-12,JP
1272,Mary Jones,customer1272@example.com,Consumer,2020-03-03,AU
1273,Susan Wilson,customer1273@example.com,Enterprise,2022-07-19,JP
1274,James Davis,customer1274@example.com,Enterprise,2024-08-28,KR
1275,Isabella Garcia,customer1275@example.com,SMB,2024-12-26,JP
1276,Jennifer Smith,customer1276@example.com,Enterprise,2021-06-09,IN
1277,Christopher Garcia,customer1277@example.com,SMB,2023-08-09,IN
1278,James Davis,customer1278@example.com,Consumer,2021-02-01,JP
1279,Amelia Rodriguez,customer1279@example.com,Enterprise,2024-10-08,CA
1280,Jennifer Martinez,customer1280@example.com,Enterprise,2020-02-09,IN
1281,Barbara Smith,customer1281@example.com,SMB,2023-02-10,KR
1282,Sarah Brown,customer1282@example.com,Enterprise,2023-01-25,UK
1283,Mary Brown,customer1283@example.com,SMB,2021-06-16,DE
1284,James Taylor,customer1284@example.com,Consumer,2020-12-03,AU
1285,Patricia Martin,customer1285@example.com,Enterprise,2020-03-16,IN
1286,Isabella Davis,customer1286@example.com,SMB,2021-03-16,BR
1287,Emma Rodriguez,customer1287@example.com,Consumer,2023-03-28,FR
1288,Charlotte Brown,customer1288@example.com,SMB,2022-01-02,US
1289,Patricia Moore,customer1289@example.com,SMB,2020-03-20,CA
1290,Michael Anderson,customer1290@example.com,Enterprise,2021-05-23,JP
1291,Jennifer Smith,customer1291@example.com,SMB,2021-10-07,IN
1292,Linda Martin,customer1292@example.com,Enterprise,2023-01-31,KR
1293,Mary Rodriguez,customer1293@example.com,Enterprise,2020-03-14,JP
1294,Patricia Williams,customer1294@example.com,SMB,2024-07-05,DE
1295,Olivia Anderson,customer1295@example.com,Enterprise,2023-08-05,FR
1296,Karen Wilson,customer1296@example.com,SMB,2020-11-24,AU
1297,Mary Gonzalez,customer1297@example.com,Enterprise,2023-08-17,FR
1298,Charlotte Davis,customer1298@example.com,Consumer,2020-10-29,AU
1299,Thomas Jackson,customer1299@example.com,Enterprise,2022-08-11,US
1300,Isabella Smith,customer1300@example.com,Enterprise,2024-07-18,US
1301,Michael Hernandez,customer1301@example.com,Enterprise,2024-01-16,IN
1302,Christopher Taylor,customer1302@example.com,SMB,2021-04-24,FR
1303,Karen Smith,customer1303@example.com,SMB,2022-11-11,FR
1304,Charlotte Moore,customer1304@example.com,SMB,2022-05-18,IN
1305,Susan Jones,customer1305@example.com,Consumer,2020-01-08,IN
1306,Thomas Williams,customer1306@example.com,Consumer,2023-10-09,FR
1307,Christopher Rodriguez,customer1307@example.com,Consumer,2020-05-09,JP
1308,Patricia Gonzalez,customer1308@example.com,SMB,2021-05-31,JP
1309,Patricia Moore,customer1309@example.com,SMB,2024-03-26,US
1310,Mia Martin,customer1310@example.com,SMB,2023-06-26,AU
1311,Charlotte Jackson,customer1311@example.com,SMB,2020-07-12,JP
1312,John Anderson,customer1312@example.com,Enterprise,2021-02-02,FR
1313,Mia Gonzalez,customer1313@example.com,Consumer,2020-12-04,JP
1314,Michael Lopez,customer1314@example.com,Enterprise,2021-11-03,FR
1315,Noah Brown,customer1315@example.com,Consumer,2021-12-08,US
1316,Mary Moore,customer1316@example.com,SMB,2021-07-02,BR
1317,Ava Hernandez,customer1317@example.com,SMB,2020-06-03,UK
1318,Liam Martin,customer1318@example.com,Enterprise,2022-01-02,BR
1319,Thomas Lopez,customer1319@example.com,Consumer,2020-12-16,AU
1320,Robert Smith,customer1320@example.com,Consumer,2022-06-26,IN
1321,Charlotte Gonzalez,customer1321@example.com,Enterprise,2024-01-18,CA
1322,Karen Lopez,customer1322@example.com,Enterprise,2024-01-31,AU
1323,Jennifer Brown,customer1323@example.com,Consumer,2020-10-16,BR
1324,Jessica Gonzalez,customer1324@example.com,Enterprise,2024-06-14,UK
1325,Thomas Anderson,customer1325@example.com,SMB,2021-10-25,UK
1326,David Anderson,customer1326@example.com,Enterprise,2021-03-05,DE
1327,William Jackson,customer1327@example.com,Consumer,2024-02-20,AU
1328,Linda Wilson,customer1328@example.com,Consumer,2020-11-30,BR
1329,Sophia Rodriguez,customer1329@example.com,Consumer,2022-05-15,KR
1330,Mary Davis,customer1330@example.com,SMB,2024-05-20,JP
1331,William Moore,customer1331@example.com,Consumer,2022-08-08,IN
1332,Jessica Hernandez,customer1332@example.com,SMB,2022-09-11,KR
1333,Patricia Smith,customer1333@example.com,SMB,2020-01-30,UK
1334,Amelia Martinez,customer1334@example.com,Enterprise,2023-08-31,BR
1335,Jennifer Thomas,customer1335@example.com,Enterprise,2020-09-25,AU
1336,Charlotte Martin,customer1336@example.com,SMB,2024-03-20,CA
1337,Michael Moore,customer1337@example.com,Enterprise,2021-09-10,JP
1338,Elizabeth Rodriguez,customer1338@example.com,Enterprise,2021-07-14,AU
1339,Robert Thomas,customer1339@example.com,SMB,2021-12-03,UK
1340,Emma Rodriguez,customer1340@example.com,Enterprise,2024-06-29,DE
1341,Isabella Jones,customer1341@example.com,SMB,2021-11-18,CA
1342,Ava Rodriguez,customer1342@example.com,Enterprise,2024-10-14,IN
1343,Mary Martinez,customer1343@example.com,Consumer,2023-07-20,BR
1344,Elizabeth Gonzalez,customer1344@example.com,SMB,2021-03-19,DE
1345,Sarah Martin,customer1345@example.com,Consumer,2024-02-24,FR
1346,Joseph Martin,customer1346@example.com,SMB,2023-06-13,IN
1347,Amelia Martin,customer1347@example.com,Enterprise,2022-12-15,AU
1348,Joseph Martinez,customer1348@example.com,Consumer,2024-06-12,JP
1349,Linda Martinez,customer1349@example.com,SMB,2020-11-10,US
1350,Emma Martinez,customer1350@example.com,Enterprise,2020-07-13,UK
1351,Robert Jackson,customer1351@example.com,SMB,2022-01-16,US
1352,Mia Jackson,customer1352@example.com,SMB,2024-07-05,AU
1353,Sarah Smith,customer1353@example.com,Enterprise,2022-10-04,BR
1354,Sophia Gonzalez,customer1354@example.com,SMB,2024-07-09,DE
1355,Isabella Martin,customer1355@example.com,Consumer,2022-11-07,DE
1356,James Moore,customer1356@example.com,Enterprise,2021-06-02,UK
1357,Sophia Moore,customer1357@example.com,SMB,2021-10-02,BR
1358,Patricia Wilson,customer1358@example.com,SMB,2024-10-20,DE
1359,David Lopez,customer1359@example.com,Consumer,2021-02-09,AU
1360,Jennifer Gonzalez,customer1360@example.com,Enterprise,2020-07-15,AU
1361,Michael Taylor,customer1361@example.com,Enterprise,2020-01-12,JP
1362,Elizabeth Miller,customer1362@example.com,Consumer,2024-04-26,CA
1363,Richard Johnson,customer1363@example.com,Consumer,2020-03-28,BR
1364,Amelia Taylor,customer1364@example.com,Enterprise,2021-09-26,KR
1365,Jessica Martin,customer1365@example.com,SMB,2021-02-13,CA
1366,Liam Moore,customer1366@example.com,SMB,2020-01-02,BR
1367,James Johnson,customer1367@example.com,SMB,2022-11-26,AU
1368,Jennifer Martin,customer1368@example.com,SMB,2024-11-07,CA
1369,Charlotte Taylor,customer1369@example.com,Enterprise,2023-01-28,CA
1370,Thomas Taylor,customer1370@example.com,SMB,2020-12-19,IN
1371,Olivia Davis,customer1371@example.com,Enterprise,2020-12-22,KR
1372,Olivia Smith,customer1372@example.com,SMB,2024-05-07,UK
1373,Joseph Lopez,customer1373@example.com,SMB,2023-05-01,AU
1374,Amelia Jackson,customer1374@example.com,Consumer,2021-07-06,JP
1375,Joseph Thomas,customer1375@example.com,Enterprise,2021-04-19,KR
1376,Joseph Garcia,customer1376@example.com,SMB,2023-05-23,IN
1377,Joseph Gonzalez,customer1377@example.com,Consumer,2023-07-01,FR
1378,Mia Wilson,customer1378@example.com,Consumer,2021-09-20,AU
1379,Isabella Johnson,customer1379@example.com,Consumer,2023-07-08,BR
1380,Joseph Johnson,customer1380@example.com,SMB,2020-12-20,IN
1381,Jennifer Brown,customer1381@example.com,SMB,2023-06-21,DE
1382,Richard Martin,customer1382@example.com,Consumer,2024-08-04,FR
1383,Susan Thomas,customer1383@example.com,Enterprise,2023-12-21,FR
1384,John Jones,customer1384@example.com,SMB,2021-01-23,BR
1385,Robert Garcia,customer1385@example.com,SMB,2021-10-01,KR
1386,Isabella Wilson,customer1386@example.com,Consumer,2023-03-31,AU
1387,Linda Moore,customer1387@example.com,SMB,2020-01-01,US
1388,Charlotte Brown,customer1388@example.com,Consumer,2024-03-16,JP
1389,Robert Williams,customer1389@example.com,Enterprise,2023-06-25,UK
1390,Sarah Rodriguez,customer1390@example.com,SMB,2022-12-29,CA
1391,Charlotte Smith,customer1391@example.com,Consumer,2023-04-04,CA
1392,James Taylor,customer1392@example.com,Enterprise,2020-01-08,UK
1393,John Miller,customer1393@example.com,SMB,2023-01-16,KR
1394,William Davis,customer1394@example.com,Enterprise,2024-10-19,FR
1395,Karen Wilson,customer1395@example.com,Enterprise,2020-01-25,BR
1396,Michael Lopez,customer1396@example.com,Consumer,2021-12-27,FR
1397,Noah Moore,customer1397@example.com,Consumer,2020-11-27,CA
1398,Michael Hernandez,customer1398@example.com,Consumer,2024-06-07,UK
1399,Michael Smith,customer1399@example.com,SMB,2024-07-06,UK
1400,Linda Davis,customer1400@example.com,SMB,2021-11-03,US
1401,Thomas Jones,customer1401@example.com,SMB,2023-09-26,BR
1402,Mary Anderson,customer1402@example.com,SMB,2024-02-01,BR
1403,Susan Brown,customer1403@example.com,Consumer,2024-02-13,US
1404,John Martinez,customer1404@example.com,SMB,2020-07-27,IN
1405,William Moore,customer1405@example.com,Enterprise,2020-08-26,FR
1406,Charlotte Moore,customer1406@example.com,SMB,2023-06-23,IN
1407,Robert Martin,customer1407@example.com,Consumer,2023-05-07,DE
1408,Michael Jones,customer1408@example.com,Consumer,2021-02-25,US
1409,Mary Johnson,customer1409@example.com,Enterprise,2024-04-01,CA
1410,Ava Thomas,customer1410@example.com,Consumer,2023-12-15,CA
1411,Elizabeth Lopez,customer1411@example.com,Enterprise,2021-02-27,CA
1412,Linda Martinez,customer1412@example.com,Enterprise,2021-11-03,JP
1413,Linda Martin,customer1413@example.com,SMB,2020-12-02,UK
1414,Christopher Jones,customer1414@example.com,Enterprise,2023-12-31,UK
1415,Isabella Jones,customer1415@example.com,Consumer,2022-11-03,KR
1416,Joseph Jackson,customer1416@example.com,SMB,2020-06-21,JP
1417,Thomas Lopez,customer1417@example.com,SMB,2024-07-12,DE
1418,Jessica Rodriguez,customer1418@example.com,Consumer,2023-09-29,AU
1419,Amelia Garcia,customer1419@example.com,Consumer,2023-12-10,AU
1420,Michael Wilson,customer1420@example.com,Consumer,2024-08-06,KR
1421,Noah Jackson,customer1421@example.com,Consumer,2022-02-20,US
1422,Olivia Brown,customer1422@example.com,Consumer,2020-09-04,DE
1423,Thomas Williams,customer1423@example.com,SMB,2020-06-16,DE
1424,Ava Jackson,customer1424@example.com,Consumer,2020-11-01,AU
1425,Jennifer Smith,customer1425@example.com,Enterprise,2022-09-09,AU
1426,David Martin,customer1426@example.com,SMB,2024-04-18,IN
1427,Amelia Martinez,customer1427@example.com,Consumer,2021-06-14,AU
1428,Sophia Rodriguez,customer1428@example.com,Enterprise,2022-07-07,BR
1429,Christopher Martin,customer1429@example.com,Enterprise,2024-09-02,UK
1430,Mia Smith,customer1430@example.com,Enterprise,2023-12-04,UK
1431,Susan Thomas,customer1431@example.com,Consumer,2023-03-01,DE
1432,Michael Rodriguez,customer1432@example.com,SMB,2022-09-26,CA
1433,Susan Miller,customer1433@example.com,SMB,2023-01-31,BR
1434,Joseph Martin,customer1434@example.com,SMB,2021-01-20,BR
1435,James Martin,customer1435@example.com,Enterprise,2021-10-03,FR
1436,Mia Martinez,customer1436@example.com,Enterprise,2022-06-26,DE
1437,Jessica Wilson,customer1437@example.com,SMB,2023-05-04,FR
1438,Robert Anderson,customer1438@example.com,SMB,2022-04-26,KR
1439,Liam Taylor,customer1439@example.com,SMB,2023-05-27,US
1440,Patricia Thomas,customer1440@example.com,SMB,2020-04-23,CA
1441,Liam Hernandez,customer1441@example.com,SMB,2020-09-30,AU
1442,Joseph Davis,customer1442@example.com,Enterprise,2023-01-30,JP
1443,Sarah Wilson,customer1443@example.com,Enterprise,2021-02-13,JP
1444,Ava Rodriguez,customer1444@example.com,Consumer,2023-09-20,CA
1445,John Miller,customer1445@example.com,Consumer,2023-09-23,DE
1446,Thomas Martinez,customer1446@example.com,SMB,2021-12-26,DE
1447,Liam Smith,customer1447@example.com,SMB,2023-12-06,KR
1448,William Taylor,customer1448@example.com,SMB,2021-08-06,DE
1449,Jennifer Jackson,customer1449@example.com,SMB,2022-06-24,UK
1450,William Martin,customer1450@example.com,Enterprise,2023-06-16,UK
1451,Richard Martin,customer1451@example.com,Consumer,2020-12-19,KR
1452,Sophia Davis,customer1452@example.com,Enterprise,2020-01-24,UK
1453,Jessica Williams,customer1453@example.com,SMB,2021-04-04,AU
1454,Joseph Martin,customer1454@example.com,Enterprise,2022-05-08,FR
1455,Christopher Thomas,customer1455@example.com,Enterprise,2024-06-03,BR
1456,Olivia Thomas,customer1456@example.com,Enterprise,2020-05-04,US
1457,Mia Smith,customer1457@example.com,Consumer,2020-05-30,IN
1458,Emma Anderson,customer1458@example.com,Enterprise,2022-02-17,FR
1459,Mia Anderson,customer1459@example.com,SMB,2022-09-01,UK
1460,Patricia Smith,customer1460@example.com,Enterprise,2021-05-15,AU
1461,John Rodriguez,customer1461@example.com,Enterprise,2021-03-31,US
1462,Sophia Gonzalez,customer1462@example.com,Consumer,2024-10-30,CA
1463,Olivia Miller,customer1463@example.com,Enterprise,2023-11-25,FR
1464,Emma Miller,customer1464@example.com,Consumer,2020-07-22,JP
1465,Sophia Johnson,customer1465@example.com,SMB,2021-06-19,KR
1466,Barbara Williams,customer1466@example.com,SMB,2023-11-09,DE
1467,Richard Johnson,customer1467@example.com,SMB,2022-02-25,US
1468,Mia Johnson,customer1468@example.com,Enterprise,2020-12-23,FR
1469,Charlotte Lopez,customer1469@example.com,SMB,2022-01-27,KR
1470,Noah Hernandez,customer1470@example.com,Consumer,2020-10-26,DE
1471,William Wilson,customer1471@example.com,Consumer,2023-04-05,KR
1472,Sophia Martinez,customer1472@example.com,SMB,2022-06-01,UK
1473,Michael Smith,customer1473@example.com,Consumer,2023-03-02,IN
1474,Karen Thomas,customer1474@example.com,Enterprise,2021-06-13,UK
1475,John Anderson,customer1475@example.com,SMB,2020-02-22,DE
1476,Elizabeth Gonzalez,customer1476@example.com,Consumer,2022-04-09,IN
1477,Jessica Garcia,customer1477@example.com,SMB,2021-10-11,AU
1478,David Miller,customer1478@example.com,Consumer,2021-04-15,JP
1479,Michael Smith,customer1479@example.com,Enterprise,2020-03-03,KR
1480,Sophia Anderson,customer1480@example.com,Enterprise,2023-07-17,AU
1481,Sarah Moore,customer1481@example.com,SMB,2023-05-03,IN
1482,Robert Martinez,customer1482@example.com,Consumer,2023-02-27,AU
1483,Robert Jones,customer1483@example.com,SMB,2020-05-21,IN
1484,David Miller,customer1484@example.com,SMB,2022-07-06,JP
1485,Karen Taylor,customer1485@example.com,Enterprise,2022-06-12,DE
1486,David Garcia,customer1486@example.com,SMB,2022-09-05,AU
1487,Karen Rodriguez,customer1487@example.com,Enterprise,2022-12-17,UK
1488,John Jackson,customer1488@example.com,Enterprise,2022-04-01,CA
1489,Sarah Thomas,customer1489@example.com,Consumer,2024-12-19,CA
1490,Sophia Jackson,customer1490@example.com,SMB,2023-10-06,DE
1491,Charlotte Gonzalez,customer1491@example.com,Enterprise,2020-07-16,AU
1492,Barbara Martin,customer1492@example.com,Enterprise,2022-01-12,BR
1493,Michael Gonzalez,customer1493@example.com,Enterprise,2024-01-18,JP
1494,Ava Rodriguez,customer1494@example.com,Enterprise,2020-12-19,IN
1495,Jessica Martin,customer1495@example.com,Consumer,2021-11-24,BR
1496,Charlotte Williams,customer1496@example.com,Enterprise,2022-03-18,DE
1497,Ava Lopez,customer1497@example.com,SMB,2021-01-31,UK
1498,David Jackson,customer1498@example.com,SMB,2023-12-18,CA
1499,James Jackson,customer1499@example.com,Consumer,2021-01-30,FR
1500,Richard Anderson,customer1500@example.com,Enterprise,2022-07-19,UK
1501,Jennifer Hernandez,customer1501@example.com,Consumer,2024-04-09,CA
1502,Emma Miller,customer1502@example.com,Enterprise,2024-11-02,UK
1503,Sophia Thomas,customer1503@example.com,Enterprise,2021-04-28,US
1504,Patricia Jackson,customer1504@example.com,SMB,2020-09-17,FR
1505,Thomas Wilson,customer1505@example.com,Consumer,2023-01-09,DE
1506,Jessica Jackson,customer1506@example.com,Consumer,2024-08-23,FR
1507,Karen Wilson,customer1507@example.com,SMB,2021-10-30,FR
1508,Noah Anderson,customer1508@example.com,Enterprise,2024-10-11,IN
1509,Joseph Johnson,customer1509@example.com,SMB,2022-12-10,AU
1510,Isabella Thomas,customer1510@example.com,Enterprise,2024-07-25,DE
1511,Elizabeth Jackson,customer1511@example.com,SMB,2024-02-19,BR
1512,David Miller,customer1512@example.com,Enterprise,2024-05-25,IN
1513,Elizabeth Wilson,customer1513@example.com,Consumer,2022-11-08,IN
1514,Elizabeth Miller,customer1514@example.com,SMB,2024-06-30,IN
1515,Emma Smith,customer1515@example.com,Consumer,2023-12-28,DE
1516,Ava Moore,customer1516@example.com,Enterprise,2023-06-29,KR
1517,Isabella Davis,customer1517@example.com,SMB,2022-08-03,AU
1518,William Wilson,customer1518@example.com,Enterprise,2023-10-02,AU
1519,Barbara Jones,customer1519@example.com,SMB,2021-06-04,KR
1520,Christopher Jones,customer1520@example.com,Consumer,2023-11-07,US
1521,Joseph Williams,customer1521@example.com,SMB,2023-12-23,DE
1522,John Brown,customer1522@example.com,Enterprise,2020-03-27,IN
1523,John Jones,customer1523@example.com,Consumer,2023-08-18,JP
1524,Emma Thomas,customer1524@example.com,Enterprise,2024-01-07,FR
1525,William Martin,customer1525@example.com,SMB,2022-03-17,BR
1526,Jennifer Brown,customer1526@example.com,Enterprise,2024-03-15,UK
1527,Liam Rodriguez,customer1527@example.com,SMB,2020-04-24,US
1528,John Martin,customer1528@example.com,Consumer,2024-04-01,AU
1529,Jessica Johnson,customer1529@example.com,SMB,2022-07-29,CA
1530,Olivia Thomas,customer1530@example.com,SMB,2021-03-04,JP
1531,Charlotte Miller,customer1531@example.com,SMB,2020-05-27,UK
1532,Mary Hernandez,customer1532@example.com,Consumer,2023-08-10,JP
1533,Charlotte Jackson,customer1533@example.com,Enterprise,2020-02-03,CA
1534,Linda Rodriguez,customer1534@example.com,SMB,2023-04-12,US
1535,Sophia Lopez,customer1535@example.com,Enterprise,2022-03-01,IN
1536,Olivia Davis,customer1536@example.com,SMB,2022-06-10,KR
1537,Richard Jones,customer1537@example.com,SMB,2021-07-03,DE
1538,James Moore,customer1538@example.com,SMB,2020-05-27,CA
1539,Charlotte Martinez,customer1539@example.com,SMB,2024-06-09,FR
1540,Karen Garcia,customer1540@example.com,SMB,2023-09-17,BR
1541,Mia Brown,customer1541@example.com,Consumer,2020-10-11,FR
1542,Mary Taylor,customer1542@example.com,SMB,2022-10-30,JP
1543,David Moore,customer1543@example.com,Consumer,2022-05-05,BR
1544,William Anderson,customer1544@example.com,Enterprise,2021-10-27,IN
1545,James Taylor,customer1545@example.com,SMB,2023-02-12,UK
1546,William Martinez,customer1546@example.com,SMB,2022-10-18,AU
1547,Sarah Gonzalez,customer1547@example.com,Consumer,2023-04-11,DE
1548,Emma Moore,customer1548@example.com,Consumer,2022-03-06,KR
1549,Thomas Martin,customer1549@example.com,Consumer,2021-09-07,IN
1550,Sophia Lopez,customer1550@example.com,Enterprise,2024-12-11,JP
1551,William Martinez,customer1551@example.com,Consumer,2024-02-14,KR
1552,Noah Wilson,customer1552@example.com,SMB,2024-06-04,BR
1553,Richard Lopez,customer1553@example.com,SMB,2020-05-18,US
1554,Jennifer Jones,customer1554@example.com,SMB,2023-03-08,JP
1555,Noah Williams,customer1555@example.com,SMB,2022-10-11,FR
1556,David Davis,customer1556@example.com,SMB,2024-07-29,FR
1557,Amelia Williams,customer1557@example.com,Enterprise,2021-02-10,CA
1558,William Lopez,customer1558@example.com,SMB,2024-09-16,UK
1559,Michael Smith,customer1559@example.com,Enterprise,2023-06-23,IN
1560,Elizabeth Moore,customer1560@example.com,SMB,2020-01-20,BR
1561,Mary Lopez,customer1561@example.com,Enterprise,2021-05-03,JP
1562,Susan Jackson,customer1562@example.com,Enterprise,2021-10-02,AU
1563,James Miller,customer1563@example.com,Consumer,2022-08-01,DE
1564,Olivia Wilson,customer1564@example.com,Enterprise,2021-05-29,AU
1565,Sarah Miller,customer1565@example.com,Enterprise,2020-05-27,AU
1566,Charlotte Gonzalez,customer1566@example.com,Enterprise,2024-06-08,BR
1567,Noah Anderson,customer1567@example.com,Consumer,2020-01-04,AU
1568,Thomas Rodriguez,customer1568@example.com,Consumer,2020-01-15,JP
1569,Jessica Lopez,customer1569@example.com,Consumer,2020-09-12,BR
1570,Barbara Gonzalez,customer1570@example.com,Enterprise,2020-01-07,UK
1571,Mia Jackson,customer1571@example.com,SMB,2024-03-31,BR
1572,Richard Taylor,customer1572@example.com,SMB,2020-10-11,UK
1573,Michael Moore,customer1573@example.com,Consumer,2021-01-19,CA
1574,Mary Miller,customer1574@example.com,Enterprise,2024-09-15,CA
1575,Jennifer Miller,customer1575@example.com,Consumer,2022-01-01,JP
1576,David Thomas,customer1576@example.com,Enterprise,2020-12-18,DE
1577,Barbara Martin,customer1577@example.com,Consumer,2021-03-12,US
1578,Charlotte Johnson,customer1578@example.com,SMB,2023-08-11,UK
1579,Patricia Rodriguez,customer1579@example.com,Consumer,2021-12-27,UK
1580,Sarah Johnson,customer1580@example.com,SMB,2024-06-02,JP
1581,Mary Davis,customer1581@example.com,Consumer,2020-03-08,BR
1582,Sarah Jones,customer1582@example.com,Consumer,2021-09-10,FR
1583,Patricia Moore,customer1583@example.com,Enterprise,2023-05-12,US
1584,David Thomas,customer1584@example.com,Consumer,2023-06-01,DE
1585,Linda Smith,customer1585@example.com,Consumer,2023-12-06,CA
1586,Christopher Williams,customer1586@example.com,SMB,2020-11-02,CA
1587,Robert Garcia,customer1587@example.com,Consumer,2022-04-03,IN
1588,Isabella Lopez,customer1588@example.com,Consumer,2024-04-07,BR
1589,Linda Davis,customer1589@example.com,SMB,2022-11-19,KR
1590,Jessica Hernandez,customer1590@example.com,Enterprise,2022-03-08,BR
1591,Sophia Williams,customer1591@example.com,Consumer,2020-09-06,US
1592,Jessica Garcia,customer1592@example.com,SMB,2020-04-11,DE
1593,Barbara Garcia,customer1593@example.com,Consumer,2020-09-05,CA
1594,Liam Miller,customer1594@example.com,SMB,2021-02-27,JP
1595,Sarah Gonzalez,customer1595@example.com,Consumer,2023-06-27,UK
1596,Richard Smith,customer1596@example.com,Enterprise,2020-08-23,KR
1597,Richard Davis,customer1597@example.com,Enterprise,2024-09-23,KR
1598,James Thomas,customer1598@example.com,Enterprise,2023-03-06,UK
1599,Barbara Gonzalez,customer1599@example.com,Enterprise,2023-05-25,BR
1600,Thomas Williams,customer1600@example.com,Enterprise,2021-04-11,JP
1601,David Smith,customer1601@example.com,SMB,2021-04-14,FR
1602,Susan Johnson,customer1602@example.com,Enterprise,2021-02-22,BR
1603,Noah Gonzalez,customer1603@example.com,Enterprise,2020-10-18,DE
1604,Jessica Lopez,customer1604@example.com,SMB,2021-09-06,KR
1605,Mia Wilson,customer1605@example.com,SMB,2020-08-11,CA
1606,James Moore,customer1606@example.com,Consumer,2022-06-28,IN
1607,Michael Williams,customer1607@example.com,Consumer,2023-07-20,BR
1608,Mary Thomas,customer1608@example.com,Enterprise,2021-10-12,KR
1609,Richard Brown,customer1609@example.com,Enterprise,2021-07-28,FR
1610,Jennifer Rodriguez,customer1610@example.com,Enterprise,2023-01-31,IN
1611,John Brown,customer1611@example.com,Enterprise,2023-04-16,US
1612,Mia Hernandez,customer1612@example.com,SMB,2024-07-03,CA
1613,Mary Miller,customer1613@example.com,Enterprise,2024-01-25,AU
1614,Patricia Jones,customer1614@example.com,Consumer,2022-01-26,FR
1615,Elizabeth Martinez,customer1615@example.com,SMB,2022-11-16,KR
1616,Liam Lopez,customer1616@example.com,Consumer,2023-08-26,UK
1617,James Jackson,customer1617@example.com,SMB,2021-06-28,IN
1618,Sarah Smith,customer1618@example.com,Consumer,2022-10-29,US
1619,Elizabeth Hernandez,customer1619@example.com,Enterprise,2022-02-11,DE
1620,Christopher Lopez,customer1620@example.com,Consumer,2022-02-24,AU
1621,David Anderson,customer1621@example.com,SMB,2021-01-29,DE
1622,Jessica Smith,customer1622@example.com,Consumer,2021-07-15,AU
1623,Mary Hernandez,customer1623@example.com,SMB,2020-07-16,DE
1624,William Wilson,customer1624@example.com,SMB,2023-06-20,BR
1625,Robert Smith,customer1625@example.com,Enterprise,2020-09-23,JP
1626,Jennifer Williams,customer1626@example.com,Consumer,2023-02-11,CA
1627,Barbara Davis,customer1627@example.com,Enterprise,2021-08-14,US
1628,Barbara Gonzalez,customer1628@example.com,Consumer,2023-02-10,KR
1629,Liam Martin,customer1629@example.com,Consumer,2021-06-17,CA
1630,Amelia Miller,customer1630@example.com,Consumer,2020-01-07,JP
1631,Liam Williams,customer1631@example.com,SMB,2023-07-26,CA
1632,Mia Moore,customer1632@example.com,Enterprise,2023-06-27,AU
1633,Karen Miller,customer1633@example.com,Enterprise,2023-08-19,FR
1634,Joseph Taylor,customer1634@example.com,SMB,2020-08-24,US
1635,James Hernandez,customer1635@example.com,Consumer,2021-01-04,BR
1636,Christopher Martinez,customer1636@example.com,Consumer,2023-07-22,KR
1637,Christopher Brown,customer1637@example.com,Consumer,2021-10-20,IN
1638,David Johnson,customer1638@example.com,SMB,2022-12-29,FR
1639,Linda Brown,customer1639@example.com,Consumer,2020-12-21,IN
1640,Elizabeth Garcia,customer1640@example.com,Enterprise,2022-03-03,US
1641,Susan Davis,customer1641@example.com,SMB,2023-12-09,FR
1642,Patricia Jones,customer1642@example.com,SMB,2024-04-26,AU
1643,John Brown,customer1643@example.com,SMB,2024-02-28,JP
1644,Christopher Rodriguez,customer1644@example.com,SMB,2022-03-16,JP
1645,James Jackson,customer1645@example.com,Consumer,2023-08-04,IN
1646,Olivia Williams,customer1646@example.com,Enterprise,2023-11-06,FR
1647,Linda Johnson,customer1647@example.com,Consumer,2022-12-31,FR
1648,Thomas Miller,customer1648@example.com,Enterprise,2023-05-27,BR
1649,Jessica Williams,customer1649@example.com,SMB,2022-12-26,KR
1650,Liam Anderson,customer1650@example.com,SMB,2023-06-03,JP
1651,Michael Williams,customer1651@example.com,Enterprise,2020-05-16,DE
1652,Noah Jackson,customer1652@example.com,Consumer,2024-04-11,AU
1653,William Martinez,customer1653@example.com,Enterprise,2023-05-17,JP
1654,Liam Hernandez,customer1654@example.com,Enterprise,2023-05-30,AU
1655,Sophia Brown,customer1655@example.com,SMB,2024-04-14,JP
1656,Isabella Martin,customer1656@example.com,Enterprise,2020-11-04,CA
1657,Elizabeth Rodriguez,customer1657@example.com,SMB,2020-10-12,JP
1658,Charlotte Davis,customer1658@example.com,Consumer,2024-10-05,IN
1659,Emma Davis,customer1659@example.com,Enterprise,2020-05-08,KR
1660,Amelia Hernandez,customer1660@example.com,Consumer,2022-01-04,UK
1661,Ava Anderson,customer1661@example.com,Enterprise,2021-01-17,FR
1662,Robert Williams,customer1662@example.com,Enterprise,2023-05-03,DE
1663,Amelia Gonzalez,customer1663@example.com,Enterprise,2021-06-22,FR
1664,Emma Jones,customer1664@example.com,Enterprise,2023-09-04,UK
1665,Amelia Hernandez,customer1665@example.com,SMB,2024-05-30,JP
1666,Mia Johnson,customer1666@example.com,SMB,2024-06-22,BR
1667,Noah Gonzalez,customer1667@example.com,Enterprise,2022-07-07,IN
1668,Thomas Anderson,customer1668@example.com,Enterprise,2021-03-28,FR
1669,William Thomas,customer1669@example.com,SMB,2021-07-12,FR
1670,Charlotte Martin,customer1670@example.com,SMB,2020-08-01,DE
1671,Susan Thomas,customer1671@example.com,SMB,2022-06-05,FR
1672,Isabella Davis,customer1672@example.com,SMB,2024-11-03,DE
1673,Sarah Gonzalez,customer1673@example.com,SMB,2023-05-01,US
1674,Sophia Anderson,customer1674@example.com,Enterprise,2022-09-29,FR
1675,Michael Jones,customer1675@example.com,Consumer,2020-10-11,CA
1676,Liam Williams,customer1676@example.com,SMB,2020-02-05,DE
1677,Olivia Jackson,customer1677@example.com,Enterprise,2020-10-01,US
1678,Jennifer Wilson,customer1678@example.com,Enterprise,2021-05-17,US
1679,Sophia Gonzalez,customer1679@example.com,Consumer,2021-12-15,KR
1680,Sarah Thomas,customer1680@example.com,SMB,2023-02-20,UK
1681,Elizabeth Jones,customer1681@example.com,SMB,2022-11-06,AU
1682,Ava Jackson,customer1682@example.com,Enterprise,2023-08-24,FR
1683,Mary Martin,customer1683@example.com,SMB,2021-04-04,FR
1684,Robert Jackson,customer1684@example.com,Consumer,2022-01-15,FR
1685,Sarah Miller,customer1685@example.com,Enterprise,2021-03-22,FR
1686,Michael Wilson,customer1686@example.com,SMB,2020-05-26,AU
1687,Olivia Martin,customer1687@example.com,Enterprise,2022-12-12,AU
1688,Richard Thomas,customer1688@example.com,Enterprise,2020-10-09,FR
1689,James Hernandez,customer1689@example.com,Enterprise,2021-05-10,FR
1690,Patricia Wilson,customer1690@example.com,Consumer,2022-10-29,CA
1691,Michael Williams,customer1691@example.com,Consumer,2022-03-26,AU
1692,Thomas Brown,customer1692@example.com,Enterprise,2023-05-28,KR
1693,Robert Martinez,customer1693@example.com,Enterprise,2023-06-12,CA
1694,Patricia Martin,customer1694@example.com,Enterprise,2021-06-30,JP
1695,Sophia Hernandez,customer1695@example.com,SMB,2023-06-08,JP
1696,Mia Thomas,customer1696@example.com,SMB,2020-06-01,AU
1697,Joseph Lopez,customer1697@example.com,Consumer,2022-01-07,DE
1698,John Thomas,customer1698@example.com,SMB,2023-07-18,FR
1699,Jennifer Davis,customer1699@example.com,SMB,2022-09-16,AU
1700,Barbara Jones,customer1700@example.com,SMB,2021-11-10,DE
1701,Jennifer Brown,customer1701@example.com,SMB,2023-05-13,US
1702,Karen Lopez,customer1702@example.com,Consumer,2023-06-29,BR
1703,Thomas Hernandez,customer1703@example.com,Enterprise,2024-08-16,CA
1704,David Garcia,customer1704@example.com,Enterprise,2024-04-06,AU
1705,Elizabeth Wilson,customer1705@example.com,SMB,2022-03-28,US
1706,Jessica Martin,customer1706@example.com,Consumer,2020-12-17,BR
1707,Olivia Williams,customer1707@example.com,SMB,2021-07-24,AU
1708,Mia Thomas,customer1708@example.com,Enterprise,2022-01-03,KR
1709,Thomas Rodriguez,customer1709@example.com,Consumer,2024-11-29,BR
1710,Michael Anderson,customer1710@example.com,SMB,2022-01-17,KR
1711,Amelia Gonzalez,customer1711@example.com,Enterprise,2024-09-04,JP
1712,Jessica Thomas,customer1712@example.com,Enterprise,2024-03-12,BR
1713,Sarah Wilson,customer1713@example.com,Enterprise,2024-02-27,AU
1714,James Miller,customer1714@example.com,Consumer,2024-01-11,AU
1715,Olivia Lopez,customer1715@example.com,Consumer,2022-03-17,IN
1716,Sophia Garcia,customer1716@example.com,Enterprise,2023-08-25,JP
1717,Mary Thomas,customer1717@example.com,Consumer,2024-10-03,FR
1718,Liam Martinez,customer1718@example.com,Enterprise,2021-11-18,US
1719,Linda Johnson,customer1719@example.com,Consumer,2021-02-19,JP
1720,Mary Davis,customer1720@example.com,SMB,2023-12-17,AU
1721,Sophia Wilson,customer1721@example.com,SMB,2021-10-05,US
1722,Michael Anderson,customer1722@example.com,Enterprise,2023-02-01,DE
1723,Elizabeth Moore,customer1723@example.com,Consumer,2024-10-04,US
1724,William Jones,customer1724@example.com,Enterprise,2022-09-10,KR
1725,William Davis,customer1725@example.com,Enterprise,2024-04-03,JP
1726,Jennifer Moore,customer1726@example.com,Consumer,2024-04-03,US
1727,Amelia Johnson,customer1727@example.com,SMB,2024-10-07,KR
1728,Ava Moore,customer1728@example.com,SMB,2024-10-11,JP
1729,Patricia Gonzalez,customer1729@example.com,Enterprise,2022-05-06,US
1730,Liam Wilson,customer1730@example.com,SMB,2024-05-30,DE
1731,Elizabeth Martinez,customer1731@example.com,SMB,2022-12-18,IN
1732,Noah Gonzalez,customer1732@example.com,Consumer,2022-08-23,KR
1733,Linda Moore,customer1733@example.com,Enterprise,2022-08-24,FR
1734,Jessica Jackson,customer1734@example.com,Consumer,2020-07-16,KR
1735,Sarah Smith,customer1735@example.com,Enterprise,2021-12-02,AU
1736,Robert Jackson,customer1736@example.com,SMB,2024-01-30,FR
1737,Isabella Martin,customer1737@example.com,SMB,2020-08-13,CA
1738,Karen Moore,customer1738@example.com,Consumer,2022-05-15,FR
1739,Barbara Jackson,customer1739@example.com,SMB,2023-05-23,BR
1740,Mia Jackson,customer1740@example.com,Enterprise,2020-05-02,US
1741,Michael Smith,customer1741@example.com,Enterprise,2020-06-10,US
1742,Noah Thomas,customer1742@example.com,Consumer,2020-12-18,IN
1743,William Smith,customer1743@example.com,SMB,2024-05-30,CA
1744,Susan Smith,customer1744@example.com,Enterprise,2020-09-05,BR
1745,Sophia Jones,customer1745@example.com,Enterprise,2020-02-25,US
1746,Noah Gonzalez,customer1746@example.com,Enterprise,2022-05-16,CA
1747,Mary Davis,customer1747@example.com,Enterprise,2022-10-07,DE
1748,Charlotte Gonzalez,customer1748@example.com,SMB,2024-10-03,IN
1749,Richard Thomas,customer1749@example.com,Consumer,2022-12-28,DE
1750,Michael Martinez,customer1750@example.com,Enterprise,2020-03-30,IN
1751,Elizabeth Brown,customer1751@example.com,SMB,2022-03-26,BR
1752,Linda Jackson,customer1752@example.com,SMB,2021-03-29,CA
1753,Joseph Johnson,customer1753@example.com,Consumer,2022-01-30,JP
1754,Isabella Lopez,customer1754@example.com,SMB,2024-09-14,IN
1755,Thomas Davis,customer1755@example.com,SMB,2020-12-09,US
1756,William Taylor,customer1756@example.com,Enterprise,2024-10-14,AU
1757,Karen Brown,customer1757@example.com,Consumer,2021-04-08,KR
1758,Mary Wilson,customer1758@example.com,Consumer,2021-02-05,BR
1759,Patricia Martin,customer1759@example.com,Enterprise,2021-09-07,IN
1760,Joseph Martinez,customer1760@example.com,Consumer,2024-08-07,US
1761,Liam Jackson,customer1761@example.com,SMB,2021-05-12,IN
1762,Richard Smith,customer1762@example.com,Enterprise,2024-10-15,IN
1763,Mary Martin,customer1763@example.com,Consumer,2023-02-02,IN
1764,Olivia Jones,customer1764@example.com,Enterprise,2023-06-04,BR
1765,Joseph Thomas,customer1765@example.com,SMB,2023-11-11,DE
1766,Ava Smith,customer1766@example.com,SMB,2022-08-05,JP
1767,Robert Williams,customer1767@example.com,SMB,2020-08-04,IN
1768,Robert Davis,customer1768@example.com,SMB,2024-11-04,DE
1769,Olivia Lopez,customer1769@example.com,SMB,2022-03-07,AU
1770,Karen Smith,customer1770@example.com,Consumer,2020-02-19,UK
1771,Ava Wilson,customer1771@example.com,Consumer,2021-07-13,BR
1772,Charlotte Garcia,customer1772@example.com,Consumer,2022-01-08,US
1773,Olivia Thomas,customer1773@example.com,SMB,2022-09-10,US
1774,Noah Brown,customer1774@example.com,Enterprise,2020-10-05,KR
1775,Amelia Johnson,customer1775@example.com,Enterprise,2023-05-22,BR
1776,Emma Garcia,customer1776@example.com,Consumer,2022-10-05,CA
1777,Isabella Jackson,customer1777@example.com,Enterprise,2023-09-11,JP
1778,James Williams,customer1778@example.com,Consumer,2023-11-24,KR
1779,David Lopez,customer1779@example.com,Enterprise,2021-05-20,KR
1780,William Williams,customer1780@example.com,SMB,2022-07-16,KR
1781,Sarah Moore,customer1781@example.com,Consumer,2020-05-31,KR
1782,Thomas Rodriguez,customer1782@example.com,SMB,2023-09-02,CA
1783,Noah Miller,customer1783@example.com,SMB,2020-11-08,BR
1784,Isabella Thomas,customer1784@example.com,Enterprise,2020-04-20,AU
1785,Mia Johnson,customer1785@example.com,Consumer,2024-02-10,IN
1786,Charlotte Garcia,customer1786@example.com,Consumer,2023-12-29,BR
1787,Liam Johnson,customer1787@example.com,Enterprise,2022-04-09,BR
1788,Patricia Moore,customer1788@example.com,SMB,2023-07-22,JP
1789,Christopher Jones,customer1789@example.com,Enterprise,2022-06-30,BR
1790,David Martinez,customer1790@example.com,SMB,2024-10-15,FR
1791,John Smith,customer1791@example.com,Consumer,2020-03-15,DE
1792,Jennifer Taylor,customer1792@example.com,Enterprise,2024-03-29,BR
1793,John Moore,customer1793@example.com,Enterprise,2020-11-15,CA
1794,Amelia Taylor,customer1794@example.com,SMB,2020-06-09,FR
1795,Karen Anderson,customer1795@example.com,Consumer,2021-10-11,IN
1796,Mia Brown,customer1796@example.com,Enterprise,2020-02-17,KR
1797,Sarah Garcia,customer1797@example.com,Enterprise,2021-10-29,IN
1798,Mary Miller,customer1798@example.com,Consumer,2020-08-17,FR
1799,Mary Williams,customer1799@example.com,SMB,2020-10-19,US
1800,Amelia Martinez,customer1800@example.com,Enterprise,2020-05-12,CA
1801,Emma Lopez,customer1801@example.com,Consumer,2023-06-20,KR
1802,William Martin,customer1802@example.com,SMB,2020-10-12,IN
1803,Karen Jackson,customer1803@example.com,SMB,2023-07-04,KR
1804,Christopher Miller,customer1804@example.com,SMB,2024-04-08,FR
1805,Patricia Moore,customer1805@example.com,Consumer,2021-08-03,CA
1806,Sophia Williams,customer1806@example.com,Consumer,2023-09-11,BR
1807,John Lopez,customer1807@example.com,SMB,2023-09-27,CA
1808,Linda Smith,customer1808@example.com,Enterprise,2023-10-30,UK
1809,Charlotte Taylor,customer1809@example.com,SMB,2022-02-02,US
1810,William Wilson,customer1810@example.com,Consumer,2021-05-30,JP
1811,Jessica Garcia,customer1811@example.com,Consumer,2020-11-20,KR
1812,Ava Jones,customer1812@example.com,SMB,2023-05-08,DE
1813,Jennifer Rodriguez,customer1813@example.com,SMB,2022-11-29,FR
1814,Jennifer Lopez,customer1814@example.com,Enterprise,2022-12-29,FR
1815,Isabella Taylor,customer1815@example.com,SMB,2022-02-08,UK
1816,Mia Williams,customer1816@example.com,Consumer,2024-05-10,UK
1817,Noah Gonzalez,customer1817@example.com,Consumer,2020-07-17,AU
1818,Sarah Anderson,customer1818@example.com,Enterprise,2024-09-14,IN
1819,Barbara Miller,customer1819@example.com,Consumer,2024-08-11,UK
1820,Jennifer Jackson,customer1820@example.com,Enterprise,2022-03-06,CA
1821,Jessica Jones,customer1821@example.com,SMB,2022-11-30,FR
1822,Amelia Taylor,customer1822@example.com,Consumer,2021-11-21,BR
1823,William Davis,customer1823@example.com,SMB,2023-12-23,KR
1824,Emma Martinez,customer1824@example.com,SMB,2023-09-10,DE
1825,John Anderson,customer1825@example.com,Enterprise,2024-02-08,US
1826,Joseph Anderson,customer1826@example.com,Enterprise,2021-11-11,FR
1827,Jennifer Wilson,customer1827@example.com,SMB,2021-01-14,CA
1828,Mary Hernandez,customer1828@example.com,SMB,2021-04-11,US
1829,Linda Rodriguez,customer1829@example.com,Enterprise,2023-02-18,BR
1830,Jessica Garcia,customer1830@example.com,Consumer,2020-10-28,US
1831,Thomas Thomas,customer1831@example.com,Consumer,2021-06-03,BR
1832,Mary Moore,customer1832@example.com,Consumer,2022-06-15,AU
1833,Emma Moore,customer1833@example.com,Consumer,2024-06-06,JP
1834,Karen Brown,customer1834@example.com,SMB,2022-06-11,KR
1835,Patricia Jackson,customer1835@example.com,SMB,2022-08-28,AU
1836,Susan Miller,customer1836@example.com,Consumer,2024-01-24,BR
1837,Robert Lopez,customer1837@example.com,Consumer,2022-03-22,AU
1838,Patricia Anderson,customer1838@example.com,Enterprise,2023-07-09,CA
1839,John Smith,customer1839@example.com,Consumer,2021-03-25,DE
1840,Jessica Rodriguez,customer1840@example.com,Enterprise,2022-01-23,DE
1841,Thomas Hernandez,customer1841@example.com,Enterprise,2023-04-01,IN
1842,Jennifer Wilson,customer1842@example.com,SMB,2024-05-04,JP
1843,Michael Moore,customer1843@example.com,Consumer,2024-07-14,CA
1844,Mary Garcia,customer1844@example.com,SMB,2021-04-03,BR
1845,Mary Jones,customer1845@example.com,SMB,2023-03-23,US
1846,Patricia Martinez,customer1846@example.com,SMB,2021-08-30,BR
1847,William Hernandez,customer1847@example.com,SMB,2020-08-21,IN
1848,David Moore,customer1848@example.com,SMB,2021-05-30,AU
1849,Robert Brown,customer1849@example.com,SMB,2020-10-19,CA
1850,Mia Jackson,customer1850@example.com,SMB,2022-05-09,US
1851,Ava Taylor,customer1851@example.com,Consumer,2023-08-24,US
1852,James Jones,customer1852@example.com,Consumer,2022-05-02,FR
1853,Liam Davis,customer1853@example.com,SMB,2023-04-15,UK
1854,David Rodriguez,customer1854@example.com,Consumer,2020-04-02,AU
1855,Isabella Garcia,customer1855@example.com,Enterprise,2023-01-01,DE
1856,Patricia Rodriguez,customer1856@example.com,Enterprise,2024-02-15,US
1857,Jennifer Lopez,customer1857@example.com,Enterprise,2020-03-13,UK
1858,Joseph Taylor,customer1858@example.com,SMB,2023-03-04,US
1859,Michael Thomas,customer1859@example.com,Consumer,2023-01-08,DE
1860,Thomas Jones,customer1860@example.com,Consumer,2024-07-03,DE
1861,Sophia Smith,customer1861@example.com,Enterprise,2021-10-01,DE
1862,David Moore,customer1862@example.com,Enterprise,2023-01-02,FR
1863,Karen Miller,customer1863@example.com,Enterprise,2020-05-24,UK
1864,Liam Taylor,customer1864@example.com,Enterprise,2024-02-25,JP
1865,Olivia Wilson,customer1865@example.com,Consumer,2024-10-21,JP
1866,David Garcia,customer1866@example.com,Consumer,2020-11-28,KR
1867,Susan Williams,customer1867@example.com,Enterprise,2020-10-17,BR
1868,Ava Jackson,customer1868@example.com,Enterprise,2023-11-23,DE
1869,Mia Lopez,customer1869@example.com,SMB,2023-05-13,CA
1870,Patricia Taylor,customer1870@example.com,Enterprise,2022-07-15,BR
1871,Emma Brown,customer1871@example.com,Enterprise,2023-05-24,JP
1872,Sarah Rodriguez,customer1872@example.com,Enterprise,2023-01-27,JP
1873,Barbara Rodriguez,customer1873@example.com,Consumer,2021-11-14,CA
1874,Michael Moore,customer1874@example.com,Consumer,2022-01-21,JP
1875,Sophia Taylor,customer1875@example.com,Consumer,2021-09-07,CA
1876,Joseph Moore,customer1876@example.com,Enterprise,2023-09-30,KR
1877,Ava Miller,customer1877@example.com,SMB,2021-02-04,DE
1878,Jennifer Brown,customer1878@example.com,Enterprise,2021-03-10,DE
1879,Richard Brown,customer1879@example.com,SMB,2020-03-23,JP
1880,Patricia Lopez,customer1880@example.com,Enterprise,2020-03-12,JP
1881,John Miller,customer1881@example.com,SMB,2024-11-20,KR
1882,Emma Davis,customer1882@example.com,Enterprise,2020-05-03,UK
1883,Richard Brown,customer1883@example.com,Consumer,2024-03-29,KR
1884,Thomas Hernandez,customer1884@example.com,Enterprise,2021-08-15,FR
1885,Noah Johnson,customer1885@example.com,SMB,2023-12-24,JP
1886,Ava Garcia,customer1886@example.com,Enterprise,2020-12-28,AU
1887,John Lopez,customer1887@example.com,Consumer,2024-11-12,US
1888,Jessica Wilson,customer1888@example.com,Enterprise,2023-01-28,BR
1889,William Martinez,customer1889@example.com,SMB,2020-02-06,JP
1890,Karen Garcia,customer1890@example.com,Consumer,2022-05-03,BR
1891,Christopher Wilson,customer1891@example.com,Enterprise,2023-11-13,US
1892,Sophia Gonzalez,customer1892@example.com,Consumer,2021-03-01,AU
1893,Linda Thomas,customer1893@example.com,Enterprise,2022-08-24,DE
1894,Olivia Taylor,customer1894@example.com,Consumer,2020-01-18,US
1895,Emma Hernandez,customer1895@example.com,Enterprise,2023-07-29,BR
1896,Sarah Jackson,customer1896@example.com,Enterprise,2022-01-15,KR
1897,Liam Rodriguez,customer1897@example.com,SMB,2021-06-16,AU
1898,Noah Jones,customer1898@example.com,Enterprise,2021-09-09,JP
1899,Thomas Anderson,customer1899@example.com,SMB,2024-05-05,UK
1900,John Brown,customer1900@example.com,Enterprise,2021-07-07,AU
1901,Thomas Williams,customer1901@example.com,Enterprise,2020-09-16,JP
1902,Barbara Thomas,customer1902@example.com,Consumer,2021-07-19,CA
1903,Sophia Wilson,customer1903@example.com,Consumer,2022-02-20,CA
1904,Olivia Moore,customer1904@example.com,SMB,2022-05-26,BR
1905,Mary Moore,customer1905@example.com,Enterprise,2020-07-06,JP
1906,Linda Anderson,customer1906@example.com,Consumer,2024-02-08,IN
1907,John Moore,customer1907@example.com,Consumer,2022-05-13,CA
1908,Barbara Gonzalez,customer1908@example.com,SMB,2023-07-07,BR
1909,Jennifer Jones,customer1909@example.com,Enterprise,2020-04-07,FR
1910,Michael Johnson,customer1910@example.com,Consumer,2023-10-29,US
1911,Thomas Hernandez,customer1911@example.com,Enterprise,2022-03-27,BR
1912,Ava Brown,customer1912@example.com,Consumer,2023-01-29,AU
1913,Jessica Thomas,customer1913@example.com,Consumer,2020-07-23,FR
1914,Barbara Smith,customer1914@example.com,SMB,2021-06-12,BR
1915,Patricia Thomas,customer1915@example.com,Consumer,2022-12-19,CA
1916,Karen Jackson,customer1916@example.com,Consumer,2020-12-07,IN
1917,Robert Williams,customer1917@example.com,Enterprise,2021-07-06,AU
1918,Karen Jackson,customer1918@example.com,SMB,2021-11-23,JP
1919,Sophia Smith,customer1919@example.com,Consumer,2024-03-07,IN
1920,Olivia Hernandez,customer1920@example.com,Consumer,2024-08-29,JP
1921,Michael Taylor,customer1921@example.com,Enterprise,2022-01-29,IN
1922,Ava Thomas,customer1922@example.com,Consumer,2024-07-18,FR
1923,Jennifer Taylor,customer1923@example.com,Enterprise,2023-04-26,CA
1924,Emma Garcia,customer1924@example.com,Enterprise,2023-09-22,AU
1925,Linda Anderson,customer1925@example.com,SMB,2023-05-27,BR
1926,Christopher Hernandez,customer1926@example.com,SMB,2023-04-22,CA
1927,Liam Moore,customer1927@example.com,Consumer,2023-01-31,CA
1928,Christopher Williams,customer1928@example.com,SMB,2020-08-18,UK
1929,Isabella Rodriguez,customer1929@example.com,Enterprise,2022-03-02,CA
1930,Richard Rodriguez,customer1930@example.com,SMB,2020-12-26,DE
1931,Jessica Brown,customer1931@example.com,SMB,2021-05-28,JP
1932,Olivia Jackson,customer1932@example.com,SMB,2020-06-23,JP
1933,Linda Johnson,customer1933@example.com,SMB,2022-05-16,CA
1934,Mia Miller,customer1934@example.com,Consumer,2023-09-17,CA
1935,Robert Rodriguez,customer1935@example.com,Consumer,2021-09-03,BR
1936,Charlotte Jones,customer1936@example.com,SMB,2024-12-16,FR
1937,James Williams,customer1937@example.com,Consumer,2023-04-03,KR
1938,Mary Taylor,customer1938@example.com,Consumer,2023-06-01,BR
1939,James Martinez,customer1939@example.com,Enterprise,2023-07-14,AU
1940,David Gonzalez,customer1940@example.com,SMB,2023-04-17,UK
1941,Barbara Johnson,customer1941@example.com,SMB,2022-11-19,CA
1942,Christopher Smith,customer1942@example.com,Consumer,2024-10-31,UK
1943,Ava Taylor,customer1943@example.com,Enterprise,2024-07-21,KR
1944,Christopher Davis,customer1944@example.com,Enterprise,2024-08-23,JP
1945,Charlotte Garcia,customer1945@example.com,Consumer,2024-11-27,BR
1946,Patricia Thomas,customer1946@example.com,Enterprise,2024-06-29,CA
1947,Sophia Jones,customer1947@example.com,Consumer,2020-09-04,CA
1948,Jennifer Thomas,customer1948@example.com,SMB,2021-07-02,CA
1949,Charlotte Miller,customer1949@example.com,Enterprise,2023-08-09,AU
1950,Sophia Martin,customer1950@example.com,Enterprise,2020-08-05,US
1951,Michael Moore,customer1951@example.com,Enterprise,2022-11-06,AU
1952,Joseph Wilson,customer1952@example.com,SMB,2021-05-02,JP
1953,Ava Davis,customer1953@example.com,Consumer,2021-10-31,UK
1954,Sophia Lopez,customer1954@example.com,Consumer,2020-09-15,US
1955,David Davis,customer1955@example.com,Enterprise,2024-04-16,US
1956,James Smith,customer1956@example.com,SMB,2020-10-01,DE
1957,Amelia Rodriguez,customer1957@example.com,Consumer,2023-11-04,FR
1958,Jennifer Anderson,customer1958@example.com,Consumer,2024-10-17,FR
1959,Barbara Brown,customer1959@example.com,SMB,2020-09-28,UK
1960,Olivia Moore,customer1960@example.com,Consumer,2024-07-11,BR
1961,James Martinez,customer1961@example.com,Enterprise,2020-12-18,UK
1962,James Rodriguez,customer1962@example.com,SMB,2022-07-10,IN
1963,Sarah Williams,customer1963@example.com,Enterprise,2023-12-10,KR
1964,Jessica Taylor,customer1964@example.com,SMB,2024-08-18,KR
1965,Amelia Gonzalez,customer1965@example.com,Consumer,2022-03-20,CA
1966,James Martin,customer1966@example.com,Consumer,2023-07-16,US
1967,Olivia Williams,customer1967@example.com,Enterprise,2022-02-26,US
1968,Emma Wilson,customer1968@example.com,Consumer,2020-05-09,CA
1969,Linda Gonzalez,customer1969@example.com,Consumer,2024-12-24,BR
1970,Patricia Lopez,customer1970@example.com,Enterprise,2021-09-04,JP
1971,Thomas Garcia,customer1971@example.com,Enterprise,2024-06-18,KR
1972,Charlotte Johnson,customer1972@example.com,Enterprise,2021-07-26,AU
1973,William Jones,customer1973@example.com,Enterprise,2024-08-12,JP
1974,David Hernandez,customer1974@example.com,Consumer,2020-01-02,CA
1975,Olivia Moore,customer1975@example.com,Consumer,2022-07-14,AU
1976,Barbara Wilson,customer1976@example.com,Enterprise,2021-04-18,AU
1977,Linda Anderson,customer1977@example.com,Enterprise,2020-12-17,BR
1978,Isabella Hernandez,customer1978@example.com,Consumer,2024-03-26,FR
1979,William Lopez,customer1979@example.com,Enterprise,2022-08-13,CA
1980,Richard Hernandez,customer1980@example.com,Enterprise,2022-03-09,FR
1981,Liam Lopez,customer1981@example.com,Enterprise,2020-11-18,CA
1982,Jessica Hernandez,customer1982@example.com,Enterprise,2020-07-18,UK
1983,Jessica Taylor,customer1983@example.com,SMB,2023-05-13,UK
1984,Mia Gonzalez,customer1984@example.com,SMB,2021-03-14,FR
1985,Isabella Garcia,customer1985@example.com,SMB,2021-02-27,AU
1986,James Garcia,customer1986@example.com,Enterprise,2024-10-06,AU
1987,Amelia Moore,customer1987@example.com,Consumer,2023-08-22,DE
1988,James Martin,customer1988@example.com,Enterprise,2021-07-03,DE
1989,William Johnson,customer1989@example.com,SMB,2020-03-09,FR
1990,Richard Taylor,customer1990@example.com,SMB,2021-03-18,UK
1991,Christopher Anderson,customer1991@example.com,Enterprise,2022-09-17,CA
1992,Robert Davis,customer1992@example.com,Consumer,2024-04-14,CA
1993,Charlotte Thomas,customer1993@example.com,SMB,2020-04-23,DE
1994,John Gonzalez,customer1994@example.com,Enterprise,2024-08-31,CA
1995,David Davis,customer1995@example.com,Enterprise,2022-03-23,AU
1996,Elizabeth Martinez,customer1996@example.com,Enterprise,2024-05-03,JP
1997,Sarah Taylor,customer1997@example.com,Consumer,2020-02-02,JP
1998,John Martin,customer1998@example.com,SMB,2024-11-13,FR
1999,Mia Smith,customer1999@example.com,SMB,2021-03-20,CA
2000,Joseph Gonzalez,customer2000@example.com,SMB,2021-04-18,US
2001,Noah Lopez,customer2001@example.com,SMB,2020-01-28,FR
2002,John Jones,customer2002@example.com,Enterprise,2021-05-23,UK
2003,Susan Brown,customer2003@example.com,Enterprise,2022-11-04,BR
2004,Thomas Jones,customer2004@example.com,Consumer,2021-03-27,CA
2005,Barbara Williams,customer2005@example.com,Enterprise,2020-01-24,CA
2006,Richard Lopez,customer2006@example.com,Enterprise,2022-04-28,DE
2007,Christopher Anderson,customer2007@example.com,Enterprise,2024-09-09,JP
2008,Emma Gonzalez,customer2008@example.com,Consumer,2021-03-07,KR
2009,Jennifer Martinez,customer2009@example.com,Enterprise,2024-01-19,IN
2010,Emma Hernandez,customer2010@example.com,Consumer,2020-06-14,CA
2011,Mary Lopez,customer2011@example.com,SMB,2021-11-08,AU
2012,Susan Miller,customer2012@example.com,Enterprise,2020-10-21,FR
2013,Amelia Garcia,customer2013@example.com,SMB,2023-11-29,UK
2014,Mary Lopez,customer2014@example.com,Enterprise,2023-08-10,DE
2015,Susan Martinez,customer2015@example.com,SMB,2022-11-11,BR
2016,Mia Williams,customer2016@example.com,Consumer,2022-05-29,IN
2017,Sarah Garcia,customer2017@example.com,Consumer,2023-04-23,UK
2018,Amelia Brown,customer2018@example.com,SMB,2022-06-25,IN
2019,Sophia Martinez,customer2019@example.com,SMB,2023-07-10,AU
2020,Barbara Jackson,customer2020@example.com,SMB,2022-03-17,JP
2021,Ava Gonzalez,customer2021@example.com,SMB,2023-01-13,KR
2022,Jennifer Martinez,customer2022@example.com,Consumer,2021-02-26,DE
2023,Liam Jackson,customer2023@example.com,Consumer,2021-04-19,FR
2024,Patricia Wilson,customer2024@example.com,SMB,2023-04-30,IN
2025,Jennifer Anderson,customer2025@example.com,SMB,2024-12-12,FR
2026,Michael Wilson,customer2026@example.com,Enterprise,2022-11-08,AU
2027,Sarah Jackson,customer2027@example.com,Consumer,2023-02-07,FR
2028,James Jackson,customer2028@example.com,Consumer,2024-06-10,IN
2029,Patricia Martinez,customer2029@example.com,Enterprise,2023-11-30,DE
2030,John Rodriguez,customer2030@example.com,Consumer,2024-01-22,AU
2031,Robert Anderson,customer2031@example.com,Enterprise,2024-12-05,FR
2032,Mia Gonzalez,customer2032@example.com,Consumer,2022-09-13,IN
2033,Sarah Taylor,customer2033@example.com,Consumer,2022-01-10,JP
2034,Jessica Martin,customer2034@example.com,SMB,2020-12-21,US
2035,Jessica Anderson,customer2035@example.com,SMB,2020-07-27,AU
2036,Mary Davis,customer2036@example.com,Consumer,2020-05-03,FR
2037,Linda Brown,customer2037@example.com,Enterprise,2024-12-19,FR
2038,Amelia Hernandez,customer2038@example.com,Enterprise,2020-12-06,KR
2039,Mary Gonzalez,customer2039@example.com,Enterprise,2023-11-29,DE
2040,Mia Miller,customer2040@example.com,SMB,2022-05-05,AU
2041,Linda Martin,customer2041@example.com,Consumer,2022-11-19,IN
2042,James Garcia,customer2042@example.com,Consumer,2023-09-07,US
2043,Joseph Hernandez,customer2043@example.com,SMB,2022-11-23,JP
2044,Patricia Rodriguez,customer2044@example.com,Enterprise,2021-07-23,IN
2045,Linda Rodriguez,customer2045@example.com,SMB,2020-08-31,UK
2046,John Brown,customer2046@example.com,Consumer,2024-10-29,US
2047,William Moore,customer2047@example.com,Consumer,2023-07-13,AU
2048,Emma Jackson,customer2048@example.com,Enterprise,2024-12-17,FR
2049,Ava Garcia,customer2049@example.com,Consumer,2024-03-14,DE
2050,Jennifer Moore,customer2050@example.com,Enterprise,2022-01-27,JP
2051,Mia Martin,customer2051@example.com,Enterprise,2021-12-31,US
2052,Jessica Jones,customer2052@example.com,Enterprise,2022-05-08,IN
2053,Isabella Thomas,customer2053@example.com,Enterprise,2021-08-14,DE
2054,Isabella Garcia,customer2054@example.com,SMB,2021-12-29,AU
2055,Mary Wilson,customer2055@example.com,Enterprise,2022-05-17,BR
2056,Elizabeth Gonzalez,customer2056@example.com,SMB,2021-03-12,BR
2057,Sophia Martinez,customer2057@example.com,Enterprise,2024-07-10,BR
2058,Elizabeth Taylor,customer2058@example.com,Enterprise,2023-04-04,KR
2059,Sophia Martinez,customer2059@example.com,Enterprise,2024-02-26,AU
2060,James Anderson,customer2060@example.com,SMB,2021-10-03,JP
2061,James Jones,customer2061@example.com,Consumer,2022-07-21,JP
2062,William Hernandez,customer2062@example.com,SMB,2021-01-24,AU
2063,Charlotte Wilson,customer2063@example.com,SMB,2020-08-23,AU
2064,Robert Jackson,customer2064@example.com,Enterprise,2022-10-10,IN
2065,William Jackson,customer2065@example.com,SMB,2020-03-26,CA
2066,Emma Johnson,customer2066@example.com,Enterprise,2020-03-17,KR
2067,Emma Taylor,customer2067@example.com,SMB,2020-08-26,US
2068,Liam Gonzalez,customer2068@example.com,Enterprise,2020-08-12,DE
2069,Susan Jones,customer2069@example.com,Enterprise,2022-09-08,DE
2070,Jennifer Lopez,customer2070@example.com,SMB,2021-11-04,UK
2071,David Lopez,customer2071@example.com,Consumer,2023-01-06,JP
2072,Noah Martinez,customer2072@example.com,Enterprise,2022-07-16,DE
2073,Jessica Martinez,customer2073@example.com,Enterprise,2020-10-27,FR
2074,James Jones,customer2074@example.com,Consumer,2020-06-16,DE
2075,Karen Hernandez,customer2075@example.com,Consumer,2023-03-23,JP
2076,William Martinez,customer2076@example.com,Enterprise,2024-11-20,AU
2077,Amelia Martin,customer2077@example.com,SMB,2024-12-22,US
2078,Michael Jackson,customer2078@example.com,SMB,2021-02-15,IN
2079,Olivia Moore,customer2079@example.com,Consumer,2024-10-31,JP
2080,Karen Wilson,customer2080@example.com,SMB,2022-07-13,IN
2081,Ava Hernandez,customer2081@example.com,Consumer,2024-05-09,KR
2082,Sarah Hernandez,customer2082@example.com,Consumer,2023-07-26,JP
2083,Patricia Garcia,customer2083@example.com,SMB,2020-10-21,FR
2084,Isabella Williams,customer2084@example.com,Enterprise,2021-07-10,UK
2085,William Davis,customer2085@example.com,SMB,2020-11-01,BR
2086,Jessica Thomas,customer2086@example.com,Enterprise,2024-06-05,FR
2087,David Garcia,customer2087@example.com,Enterprise,2020-10-09,BR
2088,Charlotte Brown,customer2088@example.com,SMB,2021-04-30,BR
2089,Noah Martin,customer2089@example.com,Consumer,2021-03-29,IN
2090,Joseph Lopez,customer2090@example.com,SMB,2024-07-26,FR
2091,John Anderson,customer2091@example.com,Consumer,2021-10-18,DE
2092,Karen Jones,customer2092@example.com,Enterprise,2024-03-10,IN
2093,Sophia Taylor,customer2093@example.com,Enterprise,2023-03-07,US
2094,Joseph Garcia,customer2094@example.com,Enterprise,2023-09-25,US
2095,Sarah Hernandez,customer2095@example.com,SMB,2023-04-11,UK
2096,Susan Smith,customer2096@example.com,SMB,2020-06-14,FR
2097,Charlotte Davis,customer2097@example.com,Enterprise,2022-02-03,FR
2098,Mia Garcia,customer2098@example.com,SMB,2021-06-14,CA
2099,Jessica Williams,customer2099@example.com,Consumer,2020-03-04,JP
2100,Olivia Miller,customer2100@example.com,Consumer,2020-09-09,FR
2101,Ava Brown,customer2101@example.com,Enterprise,2022-11-23,JP
2102,Mia Jones,customer2102@example.com,Consumer,2021-05-29,UK
2103,Ava Wilson,customer2103@example.com,SMB,2024-09-07,CA
2104,David Gonzalez,customer2104@example.com,SMB,2021-05-17,DE
2105,Olivia Martin,customer2105@example.com,Enterprise,2021-08-20,BR
2106,Barbara Jackson,customer2106@example.com,SMB,2024-08-20,IN
2107,Christopher Jackson,customer2107@example.com,SMB,2020-09-29,DE
2108,Susan Miller,customer2108@example.com,Enterprise,2021-03-26,FR
2109,Jessica Hernandez,customer2109@example.com,Consumer,2020-07-30,UK
2110,Isabella Williams,customer2110@example.com,Enterprise,2022-02-14,DE
2111,Joseph Garcia,customer2111@example.com,Consumer,2022-02-26,JP
2112,Thomas Hernandez,customer2112@example.com,SMB,2024-10-09,JP
2113,Joseph Miller,customer2113@example.com,Consumer,2022-12-28,FR
2114,Amelia Williams,customer2114@example.com,SMB,2023-08-10,IN
2115,Thomas Jones,customer2115@example.com,Enterprise,2022-10-24,BR
2116,Richard Garcia,customer2116@example.com,Consumer,2024-08-01,UK
2117,Amelia Davis,customer2117@example.com,Consumer,2024-07-31,FR
2118,Joseph Gonzalez,customer2118@example.com,SMB,2024-04-04,FR
2119,Amelia Rodriguez,customer2119@example.com,Enterprise,2024-05-17,FR
2120,William Gonzalez,customer2120@example.com,Consumer,2021-07-16,FR
2121,Elizabeth Hernandez,customer2121@example.com,Consumer,2023-05-25,IN
2122,Jennifer Anderson,customer2122@example.com,Enterprise,2021-04-14,JP
2123,Mia Smith,customer2123@example.com,Consumer,2020-04-08,FR
2124,Susan Williams,customer2124@example.com,SMB,2023-01-09,FR
2125,Noah Brown,customer2125@example.com,SMB,2024-02-07,IN
2126,William Miller,customer2126@example.com,Enterprise,2021-11-10,CA
2127,Noah Smith,customer2127@example.com,SMB,2024-05-21,JP
2128,Emma Miller,customer2128@example.com,Enterprise,2023-05-09,IN
2129,Karen Moore,customer2129@example.com,Enterprise,2022-05-01,AU
2130,Olivia Thomas,customer2130@example.com,Enterprise,2022-02-16,CA
2131,James Smith,customer2131@example.com,SMB,2020-02-14,KR
2132,Olivia Thomas,customer2132@example.com,Enterprise,2020-11-29,UK
2133,John Johnson,customer2133@example.com,SMB,2023-05-04,DE
2134,Barbara Taylor,customer2134@example.com,Enterprise,2024-06-17,BR
2135,Mary Martinez,customer2135@example.com,SMB,2024-04-10,AU
2136,Joseph Johnson,customer2136@example.com,Enterprise,2023-11-13,DE
2137,John Gonzalez,customer2137@example.com,SMB,2021-05-31,IN
2138,Mia Gonzalez,customer2138@example.com,SMB,2020-04-22,US
2139,Noah Moore,customer2139@example.com,Enterprise,2023-08-18,AU
2140,Thomas Martinez,customer2140@example.com,Consumer,2023-01-20,FR
2141,John Taylor,customer2141@example.com,Enterprise,2021-04-01,BR
2142,Barbara Taylor,customer2142@example.com,SMB,2020-05-15,JP
2143,William Johnson,customer2143@example.com,Enterprise,2024-10-15,AU
2144,Michael Garcia,customer2144@example.com,Consumer,2020-04-30,UK
2145,Patricia Smith,customer2145@example.com,SMB,2022-09-21,AU
2146,Susan Davis,customer2146@example.com,SMB,2024-05-02,FR
2147,Michael Hernandez,customer2147@example.com,Enterprise,2021-12-30,CA
2148,Robert Martinez,customer2148@example.com,Consumer,2021-04-05,KR
2149,James Martinez,customer2149@example.com,Consumer,2020-05-05,US
2150,Karen Garcia,customer2150@example.com,Enterprise,2021-01-28,CA
2151,Christopher Jones,customer2151@example.com,SMB,2022-01-02,CA
2152,Sarah Hernandez,customer2152@example.com,Consumer,2024-10-21,BR
2153,Michael Martin,customer2153@example.com,SMB,2020-02-13,DE
2154,Charlotte Miller,customer2154@example.com,Enterprise,2020-07-03,KR
2155,Jennifer Garcia,customer2155@example.com,SMB,2022-06-04,CA
2156,Patricia Taylor,customer2156@example.com,Enterprise,2023-10-18,IN
2157,John Rodriguez,customer2157@example.com,SMB,2024-02-26,US
2158,Richard Taylor,customer2158@example.com,Enterprise,2020-11-08,CA
2159,Christopher Jones,customer2159@example.com,Consumer,2020-01-02,UK
2160,Joseph Moore,customer2160@example.com,Consumer,2022-12-07,IN
2161,Jessica Johnson,customer2161@example.com,Consumer,2020-03-13,DE
2162,Karen Moore,customer2162@example.com,Enterprise,2022-12-25,IN
2163,Joseph Anderson,customer2163@example.com,Consumer,2022-09-06,AU
2164,Joseph Jones,customer2164@example.com,Consumer,2024-04-02,US
2165,Amelia Martin,customer2165@example.com,SMB,2020-07-05,FR
2166,David Davis,customer2166@example.com,SMB,2023-09-22,FR
2167,Barbara Miller,customer2167@example.com,Consumer,2021-08-15,US
2168,Sophia Johnson,customer2168@example.com,SMB,2024-06-14,BR
2169,Mia Rodriguez,customer2169@example.com,SMB,2021-11-12,UK
2170,William Rodriguez,customer2170@example.com,SMB,2021-11-28,JP
2171,John Johnson,customer2171@example.com,Consumer,2021-07-03,BR
2172,Thomas Martinez,customer2172@example.com,Consumer,2021-03-20,DE
2173,Sophia Martin,customer2173@example.com,Enterprise,2020-01-13,UK
2174,Jennifer Lopez,customer2174@example.com,Enterprise,2020-12-23,AU
2175,Karen Anderson,customer2175@example.com,Consumer,2021-07-29,KR
2176,Sarah Thomas,customer2176@example.com,Consumer,2024-11-23,JP
2177,Jessica Hernandez,customer2177@example.com,Consumer,2023-04-30,UK
2178,Barbara Martinez,customer2178@example.com,Consumer,2022-03-04,FR
2179,Elizabeth Gonzalez,customer2179@example.com,Enterprise,2024-08-03,IN
2180,Linda Brown,customer2180@example.com,Consumer,2024-11-10,US
2181,Sophia Anderson,customer2181@example.com,Enterprise,2022-10-25,KR
2182,Jennifer Hernandez,customer2182@example.com,SMB,2022-08-29,IN
2183,Charlotte Gonzalez,customer2183@example.com,Enterprise,2023-04-23,BR
2184,Emma Davis,customer2184@example.com,SMB,2021-09-13,AU
2185,Emma Anderson,customer2185@example.com,Enterprise,2022-04-08,US
2186,Ava Moore,customer2186@example.com,SMB,2023-10-21,AU
2187,Jennifer Gonzalez,customer2187@example.com,Enterprise,2024-12-03,US
2188,Olivia Thomas,customer2188@example.com,SMB,2023-06-03,FR
2189,Sarah Moore,customer2189@example.com,Enterprise,2021-08-27,JP
2190,Jessica Brown,customer2190@example.com,Enterprise,2021-01-24,FR
2191,Jessica Anderson,customer2191@example.com,SMB,2022-09-12,BR
2192,Patricia Rodriguez,customer2192@example.com,Enterprise,2024-12-16,US
2193,Sophia Jackson,customer2193@example.com,Consumer,2023-08-19,FR
2194,Karen Moore,customer2194@example.com,SMB,2023-03-04,KR
2195,Michael Miller,customer2195@example.com,Enterprise,2022-10-06,KR
2196,Thomas Anderson,customer2196@example.com,Consumer,2020-12-07,KR
2197,Linda Wilson,customer2197@example.com,Consumer,2024-04-07,UK
2198,Barbara Martinez,customer2198@example.com,Consumer,2021-06-16,IN
2199,Robert Anderson,customer2199@example.com,Enterprise,2021-11-23,JP
2200,Patricia Rodriguez,customer2200@example.com,Consumer,2023-05-20,BR
2201,Sarah Miller,customer2201@example.com,SMB,2022-03-04,US
2202,Christopher Taylor,customer2202@example.com,Consumer,2024-07-10,CA
2203,Emma Jackson,customer2203@example.com,SMB,2022-09-14,US
2204,Christopher Gonzalez,customer2204@example.com,SMB,2023-11-04,IN
2205,Sophia Johnson,customer2205@example.com,Consumer,2023-04-22,DE
2206,Jennifer Johnson,customer2206@example.com,Enterprise,2024-12-20,DE
2207,Christopher Garcia,customer2207@example.com,SMB,2021-01-17,UK
2208,Jessica Johnson,customer2208@example.com,SMB,2023-07-31,CA
2209,John Taylor,customer2209@example.com,Consumer,2023-09-21,DE
2210,Christopher Jones,customer2210@example.com,Enterprise,2020-03-07,UK
2211,Elizabeth Brown,customer2211@example.com,SMB,2020-02-04,FR
2212,Jennifer Lopez,customer2212@example.com,Consumer,2022-10-24,UK
2213,Sophia Hernandez,customer2213@example.com,Enterprise,2020-09-12,IN
2214,Emma Brown,customer2214@example.com,Consumer,2023-05-04,US
2215,Amelia Smith,customer2215@example.com,SMB,2020-09-25,JP
2216,Liam Martin,customer2216@example.com,Enterprise,2024-05-13,AU
2217,Linda Jackson,customer2217@example.com,SMB,2024-03-23,FR
2218,Sophia Martin,customer2218@example.com,SMB,2024-01-24,AU
2219,Liam Martin,customer2219@example.com,Consumer,2023-12-27,IN
2220,Patricia Lopez,customer2220@example.com,SMB,2021-11-15,BR
2221,Joseph Williams,customer2221@example.com,SMB,2023-11-25,BR
2222,James Johnson,customer2222@example.com,Consumer,2024-02-15,KR
2223,Karen Taylor,customer2223@example.com,Consumer,2024-04-13,CA
2224,John Rodriguez,customer2224@example.com,Consumer,2024-09-18,JP
2225,Susan Anderson,customer2225@example.com,Enterprise,2024-05-22,AU
2226,Susan Jackson,customer2226@example.com,SMB,2023-12-07,AU
2227,Emma Miller,customer2227@example.com,SMB,2020-09-27,AU
2228,Liam Wilson,customer2228@example.com,Consumer,2023-03-03,IN
2229,David Hernandez,customer2229@example.com,Enterprise,2024-07-18,KR
2230,Sophia Hernandez,customer2230@example.com,Enterprise,2024-03-16,BR
2231,Noah Johnson,customer2231@example.com,Consumer,2022-08-02,FR
2232,John Lopez,customer2232@example.com,SMB,2023-03-02,UK
2233,Mia Davis,customer2233@example.com,Enterprise,2024-05-23,JP
2234,Susan Miller,customer2234@example.com,Consumer,2023-06-10,CA
2235,Noah Smith,customer2235@example.com,Enterprise,2024-09-03,KR
2236,Elizabeth Miller,customer2236@example.com,SMB,2023-04-23,IN
2237,Robert Brown,customer2237@example.com,Enterprise,2021-02-16,UK
2238,Sophia Davis,customer2238@example.com,SMB,2023-08-01,KR
2239,Jennifer Brown,customer2239@example.com,Consumer,2023-06-30,CA
2240,Sophia Moore,customer2240@example.com,SMB,2022-10-05,BR
2241,Charlotte Garcia,customer2241@example.com,SMB,2021-12-26,DE
2242,Barbara Gonzalez,customer2242@example.com,SMB,2020-10-20,DE
2243,Amelia Jones,customer2243@example.com,Consumer,2022-03-03,AU
2244,Elizabeth Brown,customer2244@example.com,SMB,2024-06-12,FR
2245,David Taylor,customer2245@example.com,Enterprise,2024-01-09,KR
2246,Olivia Lopez,customer2246@example.com,Enterprise,2024-04-01,UK
2247,Michael Moore,customer2247@example.com,SMB,2024-06-29,US
2248,Olivia Moore,customer2248@example.com,SMB,2021-08-04,JP
2249,Thomas Wilson,customer2249@example.com,Consumer,2023-10-09,AU
2250,Susan Miller,customer2250@example.com,SMB,2024-01-26,US
2251,Isabella Anderson,customer2251@example.com,SMB,2021-05-13,CA
2252,Liam Williams,customer2252@example.com,Enterprise,2021-06-05,IN
2253,Thomas Gonzalez,customer2253@example.com,Enterprise,2022-09-15,US
2254,Liam Martinez,customer2254@example.com,SMB,2022-12-16,AU
2255,Richard Miller,customer2255@example.com,SMB,2022-02-13,BR
2256,Emma Garcia,customer2256@example.com,SMB,2023-04-08,CA
2257,Joseph Thomas,customer2257@example.com,Consumer,2020-12-12,JP
2258,Michael Williams,customer2258@example.com,Consumer,2024-12-16,FR
2259,Isabella Brown,customer2259@example.com,Enterprise,2023-02-17,KR
2260,James Garcia,customer2260@example.com,Consumer,2023-05-25,US
2261,Barbara Rodriguez,customer2261@example.com,Enterprise,2021-11-14,BR
2262,Christopher Wilson,customer2262@example.com,SMB,2020-04-12,KR
2263,Noah Brown,customer2263@example.com,Consumer,2024-04-23,DE
2264,Karen Gonzalez,customer2264@example.com,SMB,2022-02-16,CA
2265,Barbara Jackson,customer2265@example.com,Enterprise,2023-06-18,KR
2266,Thomas Taylor,customer2266@example.com,Consumer,2022-10-27,FR
2267,Linda Brown,customer2267@example.com,Consumer,2022-10-13,AU
2268,Isabella Lopez,customer2268@example.com,Enterprise,2022-10-06,UK
2269,Sarah Lopez,customer2269@example.com,Consumer,2022-05-15,UK
2270,Thomas Hernandez,customer2270@example.com,SMB,2022-10-02,AU
2271,David Wilson,customer2271@example.com,Consumer,2020-06-05,KR
2272,William Moore,customer2272@example.com,SMB,2021-06-02,JP
2273,Jennifer Jackson,customer2273@example.com,SMB,2024-11-02,KR
2274,Karen Garcia,customer2274@example.com,Enterprise,2020-11-04,DE
2275,Charlotte Martinez,customer2275@example.com,Enterprise,2023-01-29,DE
2276,Linda Jackson,customer2276@example.com,SMB,2020-03-22,DE
2277,Patricia Miller,customer2277@example.com,Consumer,2024-03-26,AU
2278,Elizabeth Jackson,customer2278@example.com,Enterprise,2021-05-06,UK
2279,Isabella Wilson,customer2279@example.com,SMB,2020-01-23,DE
2280,Michael Davis,customer2280@example.com,Consumer,2020-08-23,JP
2281,James Smith,customer2281@example.com,SMB,2023-03-25,DE
2282,Jennifer Smith,customer2282@example.com,SMB,2020-09-04,BR
2283,Karen Martin,customer2283@example.com,SMB,2020-08-30,AU
2284,Barbara Wilson,customer2284@example.com,Enterprise,2020-04-13,UK
2285,Barbara Garcia,customer2285@example.com,Consumer,2023-07-14,IN
2286,Mia Garcia,customer2286@example.com,Enterprise,2023-09-29,BR
2287,Linda Martin,customer2287@example.com,Consumer,2024-07-18,DE
2288,Emma Thomas,customer2288@example.com,Consumer,2021-11-08,BR
2289,Emma Johnson,customer2289@example.com,Enterprise,2020-07-12,KR
2290,Susan Williams,customer2290@example.com,Consumer,2024-05-07,KR
2291,Sarah Williams,customer2291@example.com,Enterprise,2020-11-23,DE
2292,Joseph Williams,customer2292@example.com,SMB,2021-06-11,IN
2293,Linda Brown,customer2293@example.com,Consumer,2024-05-12,CA
2294,Charlotte Taylor,customer2294@example.com,Consumer,2023-05-05,FR
2295,Jennifer Martinez,customer2295@example.com,Consumer,2020-02-22,KR
2296,Ava Brown,customer2296@example.com,SMB,2022-05-30,JP
2297,Mary Martinez,customer2297@example.com,Enterprise,2022-12-23,BR
2298,Ava Smith,customer2298@example.com,Consumer,2020-08-14,UK
2299,Charlotte Brown,customer2299@example.com,Enterprise,2023-08-27,BR
2300,Linda Williams,customer2300@example.com,SMB,2021-05-18,FR
2301,Linda Miller,customer2301@example.com,SMB,2020-01-13,DE
2302,Richard Jones,customer2302@example.com,SMB,2024-10-14,CA
2303,David Miller,customer2303@example.com,Consumer,2022-11-26,US
2304,Richard Garcia,customer2304@example.com,SMB,2024-06-11,AU
2305,Richard Davis,customer2305@example.com,Enterprise,2021-11-06,IN
2306,Sarah Miller,customer2306@example.com,SMB,2023-12-26,IN
2307,William Lopez,customer2307@example.com,SMB,2020-07-29,AU
2308,William Johnson,customer2308@example.com,Enterprise,2020-04-05,KR
2309,Karen Moore,customer2309@example.com,SMB,2020-07-06,US
2310,Christopher Hernandez,customer2310@example.com,Consumer,2024-12-12,IN
2311,Mia Moore,customer2311@example.com,Consumer,2020-08-02,AU
2312,Patricia Garcia,customer2312@example.com,Enterprise,2023-06-16,IN
2313,Robert Martinez,customer2313@example.com,SMB,2022-02-17,CA
2314,Noah Brown,customer2314@example.com,SMB,2020-03-07,JP
2315,John Anderson,customer2315@example.com,Consumer,2022-09-27,JP
2316,Richard Moore,customer2316@example.com,Enterprise,2023-03-15,BR
2317,Linda Williams,customer2317@example.com,SMB,2021-12-04,KR
2318,Robert Smith,customer2318@example.com,Enterprise,2020-06-02,DE
2319,Thomas Davis,customer2319@example.com,Enterprise,2020-06-19,US
2320,Sarah Wilson,customer2320@example.com,Enterprise,2020-06-29,JP
2321,Michael Johnson,customer2321@example.com,SMB,2021-07-08,CA
2322,Linda Johnson,customer2322@example.com,Consumer,2020-06-30,DE
2323,James Hernandez,customer2323@example.com,Consumer,2023-05-15,BR
2324,Elizabeth Thomas,customer2324@example.com,Enterprise,2023-10-19,DE
2325,Susan Johnson,customer2325@example.com,Enterprise,2023-05-20,US
2326,Noah Jones,customer2326@example.com,SMB,2024-03-01,AU
2327,Mia Wilson,customer2327@example.com,Consumer,2020-01-20,AU
2328,Michael Miller,customer2328@example.com,SMB,2020-11-11,UK
2329,Jennifer Davis,customer2329@example.com,SMB,2023-08-11,IN
2330,Christopher Gonzalez,customer2330@example.com,Consumer,2023-08-27,BR
2331,Susan Lopez,customer2331@example.com,Enterprise,2022-05-06,CA
2332,Patricia Martin,customer2332@example.com,SMB,2021-03-28,DE
2333,Linda Thomas,customer2333@example.com,SMB,2024-06-13,US
2334,Thomas Moore,customer2334@example.com,Consumer,2020-03-03,US
2335,Joseph Rodriguez,customer2335@example.com,SMB,2023-09-18,KR
2336,Sarah Rodriguez,customer2336@example.com,Enterprise,2024-11-08,FR
2337,Barbara Brown,customer2337@example.com,Enterprise,2021-01-20,UK
2338,William Martin,customer2338@example.com,Enterprise,2021-12-25,AU
2339,Joseph Jones,customer2339@example.com,Enterprise,2020-12-05,AU
2340,Elizabeth Brown,customer2340@example.com,Enterprise,2021-10-01,IN
2341,Jennifer Garcia,customer2341@example.com,Enterprise,2024-04-16,IN
2342,Sarah Rodriguez,customer2342@example.com,Enterprise,2022-09-11,DE
2343,Sophia Anderson,customer2343@example.com,Enterprise,2021-03-07,KR
2344,Robert Thomas,customer2344@example.com,Enterprise,2023-05-05,DE
2345,John Garcia,customer2345@example.com,Enterprise,2021-08-21,FR
2346,Jennifer Martin,customer2346@example.com,Consumer,2020-04-29,CA
2347,Charlotte Williams,customer2347@example.com,Consumer,2021-01-22,AU
2348,Linda Moore,customer2348@example.com,SMB,2022-01-07,DE
2349,Patricia Gonzalez,customer2349@example.com,SMB,2021-01-24,US
2350,Noah Anderson,customer2350@example.com,Enterprise,2021-03-28,UK
2351,Charlotte Brown,customer2351@example.com,Enterprise,2024-04-18,DE
2352,Mary Jones,customer2352@example.com,Enterprise,2023-03-12,US
2353,Elizabeth Smith,customer2353@example.com,Enterprise,2021-08-02,DE
2354,Thomas Wilson,customer2354@example.com,Consumer,2021-09-14,IN
2355,Sarah Garcia,customer2355@example.com,SMB,2024-09-01,UK
2356,Olivia Moore,customer2356@example.com,SMB,2022-10-09,FR
2357,Robert Jones,customer2357@example.com,Consumer,2020-04-22,US
2358,William Gonzalez,customer2358@example.com,Enterprise,2021-03-10,JP
2359,Richard Martinez,customer2359@example.com,SMB,2023-12-07,JP
2360,Jennifer Moore,customer2360@example.com,SMB,2021-12-12,FR
2361,David Jones,customer2361@example.com,Consumer,2023-06-25,KR
2362,Mary Jackson,customer2362@example.com,Consumer,2020-07-12,KR
2363,Christopher Williams,customer2363@example.com,Consumer,2023-12-29,IN
2364,Jennifer Thomas,customer2364@example.com,Enterprise,2022-05-13,FR
2365,Linda Johnson,customer2365@example.com,SMB,2020-12-03,DE
2366,Mary Garcia,customer2366@example.com,Enterprise,2020-04-16,US
2367,William Gonzalez,customer2367@example.com,SMB,2023-03-09,US
2368,Amelia Martinez,customer2368@example.com,SMB,2020-04-18,JP
2369,Amelia Miller,customer2369@example.com,Enterprise,2020-03-15,CA
2370,Liam Miller,customer2370@example.com,Enterprise,2022-02-18,FR
2371,Emma Anderson,customer2371@example.com,Consumer,2020-03-08,AU
2372,Sarah Gonzalez,customer2372@example.com,SMB,2022-06-08,BR
2373,Sarah Williams,customer2373@example.com,Consumer,2023-12-09,KR
2374,Richard Moore,customer2374@example.com,Consumer,2024-08-02,DE
2375,Elizabeth Wilson,customer2375@example.com,SMB,2020-12-31,AU
2376,Christopher Lopez,customer2376@example.com,Enterprise,2021-12-20,FR
2377,William Thomas,customer2377@example.com,Consumer,2020-06-02,BR
2378,Charlotte Anderson,customer2378@example.com,Enterprise,2022-08-31,CA
2379,William Smith,customer2379@example.com,Consumer,2020-01-30,CA
2380,Michael Garcia,customer2380@example.com,Enterprise,2021-07-12,DE
2381,Linda Gonzalez,customer2381@example.com,SMB,2022-08-17,JP
2382,Liam Hernandez,customer2382@example.com,Consumer,2024-01-23,DE
2383,Michael Gonzalez,customer2383@example.com,SMB,2020-02-06,UK
2384,Elizabeth Martinez,customer2384@example.com,Consumer,2024-07-18,UK
2385,Sarah Brown,customer2385@example.com,Enterprise,2021-09-06,BR
2386,Christopher Williams,customer2386@example.com,Consumer,2023-01-02,IN
2387,Charlotte Martinez,customer2387@example.com,Enterprise,2020-07-28,BR
2388,Jennifer Taylor,customer2388@example.com,SMB,2020-01-18,IN
2389,Amelia Jackson,customer2389@example.com,SMB,2021-10-22,UK
2390,Barbara Martin,customer2390@example.com,SMB,2020-01-23,DE
2391,Sophia Lopez,customer2391@example.com,Enterprise,2022-06-27,IN
2392,Isabella Williams,customer2392@example.com,SMB,2022-02-20,CA
2393,Joseph Anderson,customer2393@example.com,SMB,2022-04-22,UK
2394,Elizabeth Gonzalez,customer2394@example.com,SMB,2022-10-26,IN
2395,Linda Wilson,customer2395@example.com,Consumer,2022-08-22,AU
2396,Karen Smith,customer2396@example.com,SMB,2020-08-22,AU
2397,Charlotte Smith,customer2397@example.com,Enterprise,2023-09-05,IN
2398,Sophia Anderson,customer2398@example.com,Consumer,2022-04-28,DE
2399,Mary Brown,customer2399@example.com,Enterprise,2023-07-27,UK
2400,James Jackson,customer2400@example.com,Consumer,2020-05-17,IN
2401,Robert Miller,customer2401@example.com,Consumer,2024-12-03,IN
2402,Liam Smith,customer2402@example.com,Consumer,2023-11-28,UK
2403,Elizabeth Thomas,customer2403@example.com,Consumer,2023-04-07,KR
2404,Amelia Garcia,customer2404@example.com,Enterprise,2023-09-09,JP
2405,William Miller,customer2405@example.com,Enterprise,2023-06-23,IN
2406,Liam Lopez,customer2406@example.com,SMB,2023-12-19,FR
2407,Jennifer Thomas,customer2407@example.com,Consumer,2024-03-18,BR
2408,Charlotte Garcia,customer2408@example.com,SMB,2022-03-21,JP
2409,Susan Williams,customer2409@example.com,Enterprise,2024-06-16,CA
2410,Sophia Garcia,customer2410@example.com,Enterprise,2020-04-17,BR
2411,Jessica Johnson,customer2411@example.com,Consumer,2020-08-03,US
2412,Olivia Johnson,customer2412@example.com,SMB,2022-08-11,KR
2413,Barbara Jackson,customer2413@example.com,Enterprise,2020-09-24,JP
2414,Olivia Thomas,customer2414@example.com,Enterprise,2021-06-28,JP
2415,Jessica Jones,customer2415@example.com,Consumer,2021-05-23,DE
2416,Patricia Thomas,customer2416@example.com,Enterprise,2021-12-10,DE
2417,John Lopez,customer2417@example.com,SMB,2021-09-11,BR
2418,Liam Davis,customer2418@example.com,Consumer,2024-06-08,KR
2419,Amelia Smith,customer2419@example.com,SMB,2024-04-21,CA
2420,Ava Taylor,customer2420@example.com,Consumer,2024-04-10,UK
2421,Karen Miller,customer2421@example.com,Enterprise,2020-10-14,KR
2422,Isabella Gonzalez,customer2422@example.com,SMB,2023-03-10,KR
2423,Patricia Martin,customer2423@example.com,SMB,2021-04-29,FR
2424,Thomas Miller,customer2424@example.com,Enterprise,2023-02-08,BR
2425,Michael Miller,customer2425@example.com,SMB,2022-08-20,BR
2426,Michael Moore,customer2426@example.com,Enterprise,2020-03-08,FR
2427,Liam Taylor,customer2427@example.com,SMB,2022-12-24,UK
2428,Noah Martinez,customer2428@example.com,Enterprise,2020-08-07,AU
2429,James Lopez,customer2429@example.com,Consumer,2022-01-12,FR
2430,Linda Wilson,customer2430@example.com,SMB,2021-08-06,CA
2431,Ava Hernandez,customer2431@example.com,Consumer,2021-09-18,CA
2432,Linda Brown,customer2432@example.com,Enterprise,2024-12-07,CA
2433,Joseph Lopez,customer2433@example.com,SMB,2024-04-23,UK
2434,David Taylor,customer2434@example.com,SMB,2022-08-05,BR
2435,James Johnson,customer2435@example.com,SMB,2024-11-01,DE
2436,Susan Hernandez,customer2436@example.com,Consumer,2020-04-05,DE
2437,David Jones,customer2437@example.com,SMB,2021-03-11,JP
2438,Richard Garcia,customer2438@example.com,SMB,2023-02-05,JP
2439,Barbara Brown,customer2439@example.com,Enterprise,2020-08-06,IN
2440,Mia Davis,customer2440@example.com,Consumer,2021-02-06,CA
2441,Michael Garcia,customer2441@example.com,SMB,2022-08-30,JP
2442,Barbara Anderson,customer2442@example.com,Consumer,2022-06-28,DE
2443,John Martin,customer2443@example.com,Consumer,2024-02-02,CA
2444,Michael Rodriguez,customer2444@example.com,Enterprise,2022-07-07,DE
2445,David Miller,customer2445@example.com,Enterprise,2020-10-31,DE
2446,Michael Brown,customer2446@example.com,Consumer,2020-12-15,AU
2447,Charlotte Martinez,customer2447@example.com,SMB,2022-09-14,FR
2448,Mary Rodriguez,customer2448@example.com,Consumer,2021-07-08,BR
2449,Richard Martin,customer2449@example.com,Enterprise,2024-11-20,BR
2450,Joseph Davis,customer2450@example.com,Consumer,2024-09-21,AU
2451,Michael Moore,customer2451@example.com,Enterprise,2022-08-05,AU
2452,Mia Lopez,customer2452@example.com,Enterprise,2021-04-25,DE
2453,Christopher Brown,customer2453@example.com,SMB,2021-06-02,FR
2454,Linda Jones,customer2454@example.com,SMB,2021-12-10,KR
2455,Sophia Jones,customer2455@example.com,SMB,2024-03-06,BR
2456,Liam Williams,customer2456@example.com,Enterprise,2020-12-08,FR
2457,Thomas Rodriguez,customer2457@example.com,Enterprise,2022-01-03,IN
2458,Isabella Johnson,customer2458@example.com,Enterprise,2024-02-06,FR
2459,Richard Hernandez,customer2459@example.com,Enterprise,2022-06-22,KR
2460,Karen Lopez,customer2460@example.com,SMB,2024-05-02,UK
2461,Jennifer Wilson,customer2461@example.com,Enterprise,2021-02-23,US
2462,Liam Miller,customer2462@example.com,SMB,2023-12-31,AU
2463,Joseph Davis,customer2463@example.com,SMB,2023-12-08,AU
2464,Michael Lopez,customer2464@example.com,Enterprise,2020-10-25,KR
2465,Patricia Rodriguez,customer2465@example.com,Enterprise,2021-12-04,DE
2466,Emma Smith,customer2466@example.com,Consumer,2021-10-31,IN
2467,Ava Smith,customer2467@example.com,SMB,2024-07-19,DE
2468,Michael Moore,customer2468@example.com,Consumer,2021-11-08,CA
2469,Sarah Lopez,customer2469@example.com,Consumer,2022-12-09,CA
2470,Mary Johnson,customer2470@example.com,Enterprise,2022-04-27,KR
2471,Joseph Johnson,customer2471@example.com,Consumer,2024-03-15,CA
2472,William Rodriguez,customer2472@example.com,SMB,2021-01-05,BR
2473,Linda Taylor,customer2473@example.com,Enterprise,2022-07-05,IN
2474,Amelia Thomas,customer2474@example.com,Consumer,2023-11-21,BR
2475,Isabella Jackson,customer2475@example.com,Consumer,2021-07-03,BR
2476,William Johnson,customer2476@example.com,Consumer,2023-03-30,AU
2477,Jessica Martin,customer2477@example.com,Consumer,2021-08-28,KR
2478,Robert Lopez,customer2478@example.com,Enterprise,2023-10-12,CA
2479,Emma Thomas,customer2479@example.com,Consumer,2020-09-25,KR
2480,Sarah Gonzalez,customer2480@example.com,Enterprise,2023-03-01,CA
2481,Robert Taylor,customer2481@example.com,Enterprise,2022-07-21,JP
2482,Linda Martinez,customer2482@example.com,SMB,2023-05-10,AU
2483,Susan Gonzalez,customer2483@example.com,Consumer,2022-07-09,AU
2484,Joseph Jones,customer2484@example.com,SMB,2022-11-28,DE
2485,Christopher Jackson,customer2485@example.com,Enterprise,2023-12-15,CA
2486,Elizabeth Jones,customer2486@example.com,Enterprise,2024-04-29,AU
2487,Jessica Gonzalez,customer2487@example.com,Enterprise,2023-11-29,UK
2488,William Anderson,customer2488@example.com,Consumer,2022-05-04,BR
2489,Ava Davis,customer2489@example.com,SMB,2023-06-11,IN
2490,William Rodriguez,customer2490@example.com,SMB,2024-02-02,JP
2491,James Martin,customer2491@example.com,SMB,2021-10-22,JP
2492,Olivia Wilson,customer2492@example.com,Enterprise,2022-07-22,FR
2493,Linda Jones,customer2493@example.com,SMB,2023-06-22,US
2494,Charlotte Taylor,customer2494@example.com,Enterprise,2023-07-18,AU
2495,James Wilson,customer2495@example.com,Enterprise,2023-09-14,US
2496,Emma Jackson,customer2496@example.com,Enterprise,2023-02-08,DE
2497,David Martinez,customer2497@example.com,Consumer,2023-09-10,AU
2498,Sarah Miller,customer2498@example.com,SMB,2024-11-09,DE
2499,Jessica Rodriguez,customer2499@example.com,Enterprise,2021-12-20,BR
2500,Elizabeth Garcia,customer2500@example.com,Consumer,2023-06-06,IN
2501,Mia Wilson,customer2501@example.com,Consumer,2022-05-06,KR
2502,Barbara Miller,customer2502@example.com,Consumer,2020-07-13,KR
2503,Joseph Garcia,customer2503@example.com,Enterprise,2021-03-10,KR
2504,Liam Garcia,customer2504@example.com,SMB,2021-12-19,FR
2505,Barbara Lopez,customer2505@example.com,Enterprise,2020-03-19,CA
2506,Mia Wilson,customer2506@example.com,SMB,2023-01-30,IN
2507,Richard Gonzalez,customer2507@example.com,Consumer,2024-12-01,CA
2508,Emma Taylor,customer2508@example.com,Consumer,2022-03-30,FR
2509,Barbara Martinez,customer2509@example.com,SMB,2022-08-29,BR
2510,Mary Johnson,customer2510@example.com,Consumer,2024-02-11,US
2511,Jessica Jones,customer2511@example.com,SMB,2024-11-04,AU
2512,Amelia Gonzalez,customer2512@example.com,Enterprise,2020-09-09,AU
2513,Elizabeth Miller,customer2513@example.com,Enterprise,2022-12-21,FR
2514,Emma Gonzalez,customer2514@example.com,Enterprise,2023-03-07,IN
2515,James Thomas,customer2515@example.com,Enterprise,2023-04-20,UK
2516,Patricia Taylor,customer2516@example.com,SMB,2024-12-03,FR
2517,Richard Martinez,customer2517@example.com,Enterprise,2021-08-03,IN
2518,Sophia Thomas,customer2518@example.com,Consumer,2024-09-20,UK
2519,James Williams,customer2519@example.com,SMB,2021-04-21,KR
2520,David Jackson,customer2520@example.com,Enterprise,2023-06-16,IN
2521,Barbara Hernandez,customer2521@example.com,Consumer,2020-10-08,FR
2522,Robert Miller,customer2522@example.com,Enterprise,2022-01-20,UK
2523,Barbara Hernandez,customer2523@example.com,Consumer,2021-04-28,AU
2524,Linda Anderson,customer2524@example.com,SMB,2022-05-04,JP
2525,Jessica Hernandez,customer2525@example.com,SMB,2022-04-06,KR
2526,Linda Wilson,customer2526@example.com,Enterprise,2024-03-12,CA
2527,Susan Anderson,customer2527@example.com,Enterprise,2023-04-13,CA
2528,Patricia Johnson,customer2528@example.com,Enterprise,2020-12-16,AU
2529,Linda Jackson,customer2529@example.com,SMB,2024-05-10,JP
2530,Mary Johnson,customer2530@example.com,Consumer,2023-02-11,IN
2531,Noah Martinez,customer2531@example.com,SMB,2021-04-08,KR
2532,Elizabeth Jones,customer2532@example.com,SMB,2021-03-03,UK
2533,Michael Martin,customer2533@example.com,Enterprise,2022-03-20,US
2534,David Hernandez,customer2534@example.com,Enterprise,2023-09-18,US
2535,Linda Johnson,customer2535@example.com,Consumer,2021-11-26,BR
2536,Elizabeth Williams,customer2536@example.com,SMB,2023-05-03,FR
2537,William Smith,customer2537@example.com,Enterprise,2024-04-06,AU
2538,John Martinez,customer2538@example.com,SMB,2023-12-20,IN
2539,Joseph Lopez,customer2539@example.com,Enterprise,2023-12-11,BR
2540,Elizabeth Garcia,customer2540@example.com,Consumer,2024-04-30,BR
2541,Karen Rodriguez,customer2541@example.com,Enterprise,2022-10-02,AU
2542,Ava Garcia,customer2542@example.com,Enterprise,2021-05-23,US
2543,Joseph Smith,customer2543@example.com,Consumer,2024-05-13,US
2544,Amelia Martin,customer2544@example.com,Enterprise,2024-04-03,FR
2545,Sarah Garcia,customer2545@example.com,Consumer,2021-01-17,AU
2546,Sophia Anderson,customer2546@example.com,Enterprise,2024-06-20,JP
2547,Noah Johnson,customer2547@example.com,Enterprise,2021-05-04,US
2548,Ava Smith,customer2548@example.com,SMB,2022-03-17,UK
2549,Christopher Johnson,customer2549@example.com,Consumer,2021-01-04,AU
2550,Robert Moore,customer2550@example.com,SMB,2021-05-29,KR
2551,Sarah Smith,customer2551@example.com,SMB,2021-01-29,CA
2552,Olivia Taylor,customer2552@example.com,Enterprise,2022-11-22,US
2553,Jessica Taylor,customer2553@example.com,SMB,2020-10-01,DE
2554,Thomas Gonzalez,customer2554@example.com,SMB,2024-05-08,JP
2555,Joseph Jones,customer2555@example.com,SMB,2021-05-08,BR
2556,Thomas Brown,customer2556@example.com,Enterprise,2020-04-30,JP
2557,Liam Anderson,customer2557@example.com,Consumer,2023-10-29,CA
2558,Michael Johnson,customer2558@example.com,Enterprise,2024-11-29,US
2559,Joseph Gonzalez,customer2559@example.com,Consumer,2022-11-08,KR
2560,Ava Wilson,customer2560@example.com,Enterprise,2023-04-30,CA
2561,Charlotte Smith,customer2561@example.com,Enterprise,2023-05-31,DE
2562,Christopher Smith,customer2562@example.com,SMB,2022-06-03,US
2563,John Miller,customer2563@example.com,Enterprise,2020-07-07,DE
2564,Charlotte Lopez,customer2564@example.com,Consumer,2022-09-16,KR
2565,Mia Taylor,customer2565@example.com,Enterprise,2023-05-01,CA
2566,Elizabeth Anderson,customer2566@example.com,Enterprise,2020-01-17,IN
2567,Olivia Jones,customer2567@example.com,Consumer,2020-08-30,US
2568,Robert Rodriguez,customer2568@example.com,SMB,2024-06-17,AU
2569,Elizabeth Moore,customer2569@example.com,Enterprise,2020-04-15,CA
2570,Joseph Wilson,customer2570@example.com,Consumer,2021-01-29,KR
2571,Mary Smith,customer2571@example.com,SMB,2020-08-20,UK
2572,Richard Johnson,customer2572@example.com,Consumer,2022-12-11,UK
2573,Amelia Anderson,customer2573@example.com,SMB,2022-10-27,FR
2574,Barbara Lopez,customer2574@example.com,Enterprise,2022-11-10,IN
2575,Patricia Anderson,customer2575@example.com,SMB,2020-08-27,AU
2576,James Hernandez,customer2576@example.com,Enterprise,2021-10-10,BR
2577,Charlotte Martin,customer2577@example.com,SMB,2024-05-26,JP
2578,Michael Rodriguez,customer2578@example.com,Enterprise,2023-02-25,BR
2579,Michael Hernandez,customer2579@example.com,Consumer,2023-08-17,DE
2580,Patricia Johnson,customer2580@example.com,Enterprise,2020-02-12,DE
2581,Patricia Lopez,customer2581@example.com,Enterprise,2021-07-04,UK
2582,Christopher Thomas,customer2582@example.com,SMB,2023-05-04,AU
2583,Amelia Jones,customer2583@example.com,Enterprise,2022-01-20,BR
2584,Elizabeth Thomas,customer2584@example.com,Consumer,2020-04-02,JP
2585,Sarah Hernandez,customer2585@example.com,Consumer,2020-05-20,IN
2586,Sophia Jones,customer2586@example.com,Consumer,2022-08-10,IN
2587,John Taylor,customer2587@example.com,SMB,2024-05-27,JP
2588,Noah Brown,customer2588@example.com,SMB,2022-01-20,FR
2589,Susan Smith,customer2589@example.com,SMB,2023-07-23,BR
2590,Amelia Garcia,customer2590@example.com,SMB,2020-01-20,KR
2591,James Garcia,customer2591@example.com,SMB,2023-07-16,DE
2592,Linda Brown,customer2592@example.com,SMB,2023-07-01,DE
2593,Mia Martinez,customer2593@example.com,Enterprise,2021-05-01,AU
2594,Richard Miller,customer2594@example.com,Consumer,2023-02-28,DE
2595,Sarah Johnson,customer2595@example.com,Enterprise,2022-03-30,BR
2596,Sophia Johnson,customer2596@example.com,SMB,2021-02-25,US
2597,Emma Johnson,customer2597@example.com,Consumer,2021-11-04,IN
2598,Amelia Anderson,customer2598@example.com,SMB,2020-04-26,FR
2599,William Thomas,customer2599@example.com,Enterprise,2024-08-11,AU
2600,Karen Williams,customer2600@example.com,Consumer,2022-03-05,US
2601,Michael Moore,customer2601@example.com,SMB,2021-02-08,JP
2602,Richard Jackson,customer2602@example.com,Enterprise,2024-12-03,FR
2603,Sophia Rodriguez,customer2603@example.com,Consumer,2024-02-13,JP
2604,Noah Martinez,customer2604@example.com,Consumer,2024-08-18,JP
2605,Jessica Lopez,customer2605@example.com,SMB,2024-06-23,AU
2606,Sophia Martinez,customer2606@example.com,Consumer,2024-01-07,JP
2607,Sarah Rodriguez,customer2607@example.com,Enterprise,2020-04-18,US
2608,Robert Davis,customer2608@example.com,SMB,2020-03-25,JP
2609,Mary Rodriguez,customer2609@example.com,Enterprise,2024-11-28,FR
2610,Liam Anderson,customer2610@example.com,SMB,2021-03-01,UK
2611,David Moore,customer2611@example.com,Enterprise,2023-11-23,DE
2612,James Moore,customer2612@example.com,Consumer,2024-02-17,DE
2613,Thomas Taylor,customer2613@example.com,Consumer,2022-09-12,DE
2614,John Gonzalez,customer2614@example.com,Enterprise,2020-10-08,IN
2615,James Thomas,customer2615@example.com,SMB,2023-05-07,UK
2616,Noah Gonzalez,customer2616@example.com,SMB,2021-10-28,JP
2617,James Martin,customer2617@example.com,Consumer,2021-03-15,CA
2618,Ava Wilson,customer2618@example.com,SMB,2021-12-29,CA
2619,Christopher Johnson,customer2619@example.com,SMB,2022-12-13,IN
2620,Robert Hernandez,customer2620@example.com,SMB,2022-11-07,FR
2621,Noah Jones,customer2621@example.com,Consumer,2020-02-07,BR
2622,James Gonzalez,customer2622@example.com,Enterprise,2020-10-21,IN
2623,Barbara Lopez,customer2623@example.com,Consumer,2020-02-02,DE
2624,Liam Lopez,customer2624@example.com,SMB,2021-08-24,BR
2625,Mia Brown,customer2625@example.com,Consumer,2021-10-07,FR
2626,Sarah Wilson,customer2626@example.com,Enterprise,2021-08-31,UK
2627,Ava Brown,customer2627@example.com,Enterprise,2022-03-11,AU
2628,Susan Lopez,customer2628@example.com,Enterprise,2024-08-30,DE
2629,David Lopez,customer2629@example.com,Enterprise,2020-01-06,US
2630,Christopher Brown,customer2630@example.com,SMB,2024-07-11,UK
2631,Olivia Taylor,customer2631@example.com,Consumer,2022-05-17,DE
2632,Jessica Jones,customer2632@example.com,Enterprise,2022-02-25,JP
2633,Isabella Davis,customer2633@example.com,Enterprise,2021-09-27,BR
2634,Elizabeth Martin,customer2634@example.com,Enterprise,2024-02-18,AU
2635,Christopher Jones,customer2635@example.com,Enterprise,2020-03-23,CA
2636,James Taylor,customer2636@example.com,Consumer,2022-09-09,AU
2637,David Jackson,customer2637@example.com,Consumer,2020-03-16,IN
2638,Liam Brown,customer2638@example.com,Enterprise,2023-07-04,DE
2639,Robert Smith,customer2639@example.com,SMB,2020-07-18,DE
2640,Sophia Miller,customer2640@example.com,Enterprise,2020-03-29,UK
2641,Karen Martinez,customer2641@example.com,SMB,2021-07-04,UK
2642,Richard Garcia,customer2642@example.com,Enterprise,2022-11-06,AU
2643,Jessica Davis,customer2643@example.com,SMB,2023-02-24,US
2644,Richard Wilson,customer2644@example.com,Consumer,2022-10-23,BR
2645,Mia Lopez,customer2645@example.com,Consumer,2022-04-24,CA
2646,William Davis,customer2646@example.com,Enterprise,2020-12-06,AU
2647,Linda Taylor,customer2647@example.com,Enterprise,2022-07-21,KR
2648,Mary Moore,customer2648@example.com,Consumer,2024-07-07,DE
2649,Patricia Davis,customer2649@example.com,Enterprise,2023-08-27,CA
2650,Sarah Garcia,customer2650@example.com,SMB,2022-06-29,KR
2651,James Anderson,customer2651@example.com,Consumer,2021-10-10,US
2652,Patricia Hernandez,customer2652@example.com,Enterprise,2022-06-07,AU
2653,Joseph Wilson,customer2653@example.com,SMB,2021-09-21,DE
2654,John Davis,customer2654@example.com,Consumer,2023-10-24,FR
2655,Thomas Wilson,customer2655@example.com,Consumer,2021-02-12,AU
2656,Noah Johnson,customer2656@example.com,Enterprise,2021-05-16,AU
2657,James Moore,customer2657@example.com,Enterprise,2020-04-21,BR
2658,Sarah Anderson,customer2658@example.com,Enterprise,2023-02-15,US
2659,Mary Smith,customer2659@example.com,SMB,2023-12-03,CA
2660,Sarah Lopez,customer2660@example.com,Consumer,2024-03-10,UK
2661,Emma Rodriguez,customer2661@example.com,Enterprise,2023-10-28,UK
2662,Linda Garcia,customer2662@example.com,Enterprise,2021-03-06,DE
2663,John Hernandez,customer2663@example.com,Consumer,2021-01-14,BR
2664,Barbara Smith,customer2664@example.com,Enterprise,2022-09-24,DE
2665,Susan Martin,customer2665@example.com,SMB,2020-07-09,DE
2666,Christopher Martin,customer2666@example.com,SMB,2021-11-24,JP
2667,William Johnson,customer2667@example.com,SMB,2020-01-22,FR
2668,Susan Jackson,customer2668@example.com,SMB,2022-04-27,KR
2669,Michael Davis,customer2669@example.com,Enterprise,2022-12-24,DE
2670,Liam Garcia,customer2670@example.com,Consumer,2021-08-11,AU
2671,Joseph Hernandez,customer2671@example.com,SMB,2020-03-20,AU
2672,Elizabeth Anderson,customer2672@example.com,SMB,2021-07-21,UK
2673,Sarah Jones,customer2673@example.com,SMB,2023-12-13,FR
2674,Barbara Wilson,customer2674@example.com,Enterprise,2020-07-26,JP
2675,Liam Rodriguez,customer2675@example.com,Consumer,2020-11-21,US
2676,Patricia Garcia,customer2676@example.com,Consumer,2021-01-04,JP
2677,Richard Moore,customer2677@example.com,Enterprise,2023-02-02,CA
2678,Emma Taylor,customer2678@example.com,SMB,2020-05-26,KR
2679,Ava Martin,customer2679@example.com,SMB,2020-07-15,CA
2680,Mia Davis,customer2680@example.com,SMB,2023-03-28,US
2681,Christopher Wilson,customer2681@example.com,SMB,2021-05-03,US
2682,Emma Davis,customer2682@example.com,SMB,2020-04-29,BR
2683,John Martinez,customer2683@example.com,Consumer,2023-05-16,BR
2684,Jessica Martin,customer2684@example.com,Consumer,2024-04-18,US
2685,William Williams,customer2685@example.com,SMB,2020-11-11,DE
2686,Jennifer Miller,customer2686@example.com,Consumer,2021-07-16,IN
2687,Emma Martinez,customer2687@example.com,SMB,2022-12-17,IN
2688,Sarah Miller,customer2688@example.com,SMB,2021-02-16,CA
2689,Patricia Jackson,customer2689@example.com,SMB,2021-05-09,IN
2690,Elizabeth Moore,customer2690@example.com,Enterprise,2023-09-07,US
2691,Michael Garcia,customer2691@example.com,Consumer,2023-01-19,IN
2692,Karen Jackson,customer2692@example.com,Consumer,2022-02-04,KR
2693,Joseph Anderson,customer2693@example.com,Consumer,2020-05-22,DE
2694,Ava Martinez,customer2694@example.com,Consumer,2024-06-29,JP
2695,Mia Thomas,customer2695@example.com,Enterprise,2024-01-22,KR
2696,Noah Anderson,customer2696@example.com,Consumer,2022-12-23,BR
2697,Liam Lopez,customer2697@example.com,Consumer,2020-03-23,BR
2698,Noah Anderson,customer2698@example.com,SMB,2020-07-03,KR
2699,Emma Jackson,customer2699@example.com,Consumer,2024-03-27,FR
2700,David Anderson,customer2700@example.com,SMB,2024-04-25,UK
2701,Patricia Johnson,customer2701@example.com,SMB,2021-04-19,US
2702,Linda Miller,customer2702@example.com,SMB,2021-08-07,JP
2703,William Johnson,customer2703@example.com,Consumer,2022-07-19,DE
2704,Linda Moore,customer2704@example.com,Enterprise,2023-06-06,DE
2705,Jessica Miller,customer2705@example.com,SMB,2022-12-06,US
2706,James Lopez,customer2706@example.com,Enterprise,2023-08-01,CA
2707,Ava Smith,customer2707@example.com,Enterprise,2023-05-19,CA
2708,Emma Gonzalez,customer2708@example.com,Enterprise,2023-12-19,IN
2709,Sarah Martin,customer2709@example.com,SMB,2020-07-18,DE
2710,Jennifer Moore,customer2710@example.com,SMB,2020-02-20,IN
2711,Olivia Anderson,customer2711@example.com,Consumer,2023-12-18,AU
2712,Emma Johnson,customer2712@example.com,SMB,2020-01-03,FR
2713,William Johnson,customer2713@example.com,Enterprise,2021-08-25,BR
2714,Amelia Smith,customer2714@example.com,SMB,2020-02-08,JP
2715,Liam Hernandez,customer2715@example.com,Enterprise,2024-02-11,US
2716,Sarah Thomas,customer2716@example.com,SMB,2024-01-31,IN
2717,Noah Gonzalez,customer2717@example.com,Consumer,2020-06-29,US
2718,Sophia Miller,customer2718@example.com,Enterprise,2020-04-06,DE
2719,Robert Gonzalez,customer2719@example.com,Consumer,2023-10-01,FR
2720,Isabella Miller,customer2720@example.com,Consumer,2021-08-14,IN
2721,Mary Davis,customer2721@example.com,Enterprise,2024-03-27,AU
2722,Christopher Davis,customer2722@example.com,Enterprise,2020-04-09,JP
2723,Charlotte Jones,customer2723@example.com,Consumer,2024-07-28,FR
2724,Thomas Gonzalez,customer2724@example.com,SMB,2024-11-15,DE
2725,Ava Brown,customer2725@example.com,Enterprise,2020-07-29,CA
2726,Mia Moore,customer2726@example.com,Enterprise,2021-07-03,US
2727,Patricia Thomas,customer2727@example.com,SMB,2024-05-06,DE
2728,Emma Jones,customer2728@example.com,Consumer,2021-05-01,JP
2729,Mary Williams,customer2729@example.com,Enterprise,2024-09-06,JP
2730,Mia Thomas,customer2730@example.com,Enterprise,2021-11-04,KR
2731,William Moore,customer2731@example.com,Consumer,2022-07-14,IN
2732,John Garcia,customer2732@example.com,SMB,2023-01-14,UK
2733,Michael Garcia,customer2733@example.com,SMB,2022-07-01,JP
2734,Thomas Jackson,customer2734@example.com,Consumer,2024-04-07,JP
2735,Jessica Williams,customer2735@example.com,Consumer,2020-04-28,BR
2736,Isabella Anderson,customer2736@example.com,Enterprise,2022-05-12,BR
2737,Sarah Thomas,customer2737@example.com,SMB,2022-05-13,US
2738,Olivia Gonzalez,customer2738@example.com,Consumer,2024-05-25,BR
2739,William Smith,customer2739@example.com,SMB,2022-11-11,AU
2740,John Garcia,customer2740@example.com,SMB,2022-10-07,DE
2741,Thomas Gonzalez,customer2741@example.com,Consumer,2021-06-10,KR
2742,Mia Williams,customer2742@example.com,Consumer,2023-07-21,AU
2743,Isabella Wilson,customer2743@example.com,Consumer,2020-08-17,BR
2744,Olivia Wilson,customer2744@example.com,Enterprise,2024-11-19,UK
2745,John Williams,customer2745@example.com,Enterprise,2024-12-25,AU
2746,Patricia Gonzalez,customer2746@example.com,Enterprise,2024-09-20,AU
2747,Liam Smith,customer2747@example.com,Enterprise,2024-05-03,DE
2748,Sarah Lopez,customer2748@example.com,Enterprise,2021-07-15,AU
2749,Amelia Martinez,customer2749@example.com,Enterprise,2022-12-06,DE
2750,Thomas Thomas,customer2750@example.com,Enterprise,2020-11-03,BR
2751,Ava Smith,customer2751@example.com,Consumer,2024-11-09,US
2752,Noah Martinez,customer2752@example.com,Consumer,2022-11-02,UK
2753,Patricia Johnson,customer2753@example.com,Enterprise,2024-08-16,US
2754,Mary Martin,customer2754@example.com,SMB,2022-10-14,BR
2755,Jennifer Brown,customer2755@example.com,SMB,2022-02-13,JP
2756,Emma Moore,customer2756@example.com,Consumer,2023-05-01,BR
2757,John Anderson,customer2757@example.com,Enterprise,2021-10-12,US
2758,Isabella Wilson,customer2758@example.com,Enterprise,2022-10-08,KR
2759,Joseph Hernandez,customer2759@example.com,SMB,2022-02-14,FR
2760,David Brown,customer2760@example.com,Enterprise,2024-08-16,DE
2761,Barbara Thomas,customer2761@example.com,Enterprise,2021-08-18,DE
2762,David Jackson,customer2762@example.com,Enterprise,2022-08-28,JP
2763,Barbara Taylor,customer2763@example.com,Consumer,2022-09-11,AU
2764,Amelia Thomas,customer2764@example.com,SMB,2023-07-13,CA
2765,Robert Moore,customer2765@example.com,SMB,2024-10-29,JP
2766,Charlotte Garcia,customer2766@example.com,SMB,2023-01-05,FR
2767,Isabella Taylor,customer2767@example.com,SMB,2021-09-09,KR
2768,Liam Smith,customer2768@example.com,Enterprise,2024-08-15,AU
2769,Mia Brown,customer2769@example.com,Consumer,2020-02-08,KR
2770,Robert Martin,customer2770@example.com,Consumer,2020-12-02,KR
2771,Olivia Thomas,customer2771@example.com,Enterprise,2020-07-13,FR
2772,Christopher Wilson,customer2772@example.com,Consumer,2024-02-05,AU
2773,Linda Brown,customer2773@example.com,Enterprise,2020-05-05,AU
2774,David Davis,customer2774@example.com,Consumer,2020-05-31,KR
2775,Mia Johnson,customer2775@example.com,Enterprise,2021-05-10,US
2776,Charlotte Anderson,customer2776@example.com,Enterprise,2024-10-22,DE
2777,David Wilson,customer2777@example.com,Consumer,2022-07-13,JP
2778,Emma Williams,customer2778@example.com,SMB,2020-01-14,BR
2779,Michael Martinez,customer2779@example.com,SMB,2021-11-05,US
2780,Mary Miller,customer2780@example.com,Enterprise,2021-10-02,JP
2781,Olivia Garcia,customer2781@example.com,SMB,2021-10-16,BR
2782,Liam Smith,customer2782@example.com,SMB,2024-05-20,IN
2783,Michael Miller,customer2783@example.com,SMB,2021-04-05,UK
2784,Karen Martinez,customer2784@example.com,Enterprise,2024-08-06,FR
2785,Joseph Moore,customer2785@example.com,Enterprise,2020-05-19,DE
2786,Mia Miller,customer2786@example.com,Enterprise,2020-10-17,BR
2787,Jessica Lopez,customer2787@example.com,Consumer,2023-07-24,JP
2788,Amelia Moore,customer2788@example.com,Enterprise,2023-02-25,CA
2789,Noah Williams,customer2789@example.com,SMB,2022-05-18,IN
2790,Amelia Gonzalez,customer2790@example.com,SMB,2020-12-02,BR
2791,Liam Brown,customer2791@example.com,Consumer,2022-08-20,KR
2792,Richard Brown,customer2792@example.com,Consumer,2020-07-15,BR
2793,Mary Miller,customer2793@example.com,SMB,2021-05-04,AU
2794,Mary Jackson,customer2794@example.com,SMB,2022-10-26,IN
2795,Amelia Taylor,customer2795@example.com,Enterprise,2021-02-09,AU
2796,David Wilson,customer2796@example.com,SMB,2024-07-27,IN
2797,Olivia Hernandez,customer2797@example.com,SMB,2021-01-29,BR
2798,Susan Miller,customer2798@example.com,Enterprise,2022-04-05,AU
2799,Amelia Rodriguez,customer2799@example.com,Consumer,2022-12-12,US
2800,Noah Smith,customer2800@example.com,SMB,2024-06-23,KR
2801,John Hernandez,customer2801@example.com,Enterprise,2024-10-03,AU
2802,John Jones,customer2802@example.com,SMB,2024-05-12,AU
2803,Emma Thomas,customer2803@example.com,SMB,2022-12-12,UK
2804,Jessica Moore,customer2804@example.com,Consumer,2021-01-26,CA
2805,Isabella Davis,customer2805@example.com,SMB,2023-12-23,BR
2806,Patricia Miller,customer2806@example.com,Consumer,2022-09-13,DE
2807,Barbara Brown,customer2807@example.com,Enterprise,2020-09-24,CA
2808,Christopher Moore,customer2808@example.com,SMB,2022-12-08,FR
2809,Jessica Williams,customer2809@example.com,Consumer,2024-09-14,IN
2810,Michael Lopez,customer2810@example.com,Enterprise,2022-07-26,BR
2811,Amelia Jackson,customer2811@example.com,Enterprise,2021-10-12,AU
2812,Michael Johnson,customer2812@example.com,Consumer,2020-04-09,DE
2813,Karen Miller,customer2813@example.com,Enterprise,2020-07-07,KR
2814,John Miller,customer2814@example.com,Consumer,2022-07-06,IN
2815,Amelia Jones,customer2815@example.com,Consumer,2022-04-14,AU
2816,Richard Thomas,customer2816@example.com,SMB,2022-08-04,US
2817,Linda Brown,customer2817@example.com,Consumer,2023-11-23,CA
2818,Jennifer Williams,customer2818@example.com,Consumer,2022-06-04,FR
2819,Amelia Hernandez,customer2819@example.com,Consumer,2021-08-10,DE
2820,Joseph Rodriguez,customer2820@example.com,Enterprise,2021-04-03,US
2821,Noah Martinez,customer2821@example.com,Consumer,2020-10-26,BR
2822,Christopher Taylor,customer2822@example.com,SMB,2021-03-21,BR
2823,Jennifer Miller,customer2823@example.com,Consumer,2023-11-14,IN
2824,Amelia Johnson,customer2824@example.com,Enterprise,2020-01-01,BR
2825,Robert Johnson,customer2825@example.com,Consumer,2022-05-11,US
2826,David Smith,customer2826@example.com,Consumer,2020-05-28,UK
2827,Karen Brown,customer2827@example.com,SMB,2022-10-13,BR
2828,Emma Rodriguez,customer2828@example.com,SMB,2020-11-10,KR
2829,Susan Anderson,customer2829@example.com,Enterprise,2022-03-25,AU
2830,Joseph Brown,customer2830@example.com,Consumer,2022-02-05,AU
2831,Thomas Moore,customer2831@example.com,SMB,2024-06-24,DE
2832,James Garcia,customer2832@example.com,Enterprise,2020-09-14,KR
2833,Elizabeth Jackson,customer2833@example.com,SMB,2024-10-28,DE
2834,William Taylor,customer2834@example.com,Consumer,2021-06-20,CA
2835,Ava Brown,customer2835@example.com,SMB,2022-02-05,AU
2836,Mary Anderson,customer2836@example.com,Consumer,2023-08-14,CA
2837,Isabella Thomas,customer2837@example.com,Consumer,2022-11-28,IN
2838,Jessica Lopez,customer2838@example.com,Consumer,2022-08-18,BR
2839,Thomas Johnson,customer2839@example.com,SMB,2022-07-04,IN
2840,Christopher Anderson,customer2840@example.com,Enterprise,2022-07-06,IN
2841,Sophia Wilson,customer2841@example.com,SMB,2023-02-17,IN
2842,Jessica Hernandez,customer2842@example.com,Consumer,2021-01-15,FR
2843,Joseph Thomas,customer2843@example.com,Enterprise,2023-06-30,US
2844,Michael Smith,customer2844@example.com,SMB,2022-03-18,AU
2845,Jennifer Johnson,customer2845@example.com,Enterprise,2023-05-04,FR
2846,Susan Smith,customer2846@example.com,SMB,2021-03-07,US
2847,Sophia Miller,customer2847@example.com,SMB,2023-10-31,US
2848,Richard Wilson,customer2848@example.com,Consumer,2020-04-22,JP
2849,Jessica Miller,customer2849@example.com,SMB,2022-10-27,IN
2850,David Martin,customer2850@example.com,Consumer,2021-02-08,FR
2851,Thomas Brown,customer2851@example.com,Consumer,2021-04-24,JP
2852,Olivia Smith,customer2852@example.com,Enterprise,2020-10-31,BR
2853,John Thomas,customer2853@example.com,SMB,2020-03-12,KR
2854,Noah Martinez,customer2854@example.com,Enterprise,2020-01-26,IN
2855,Jennifer Williams,customer2855@example.com,SMB,2022-08-03,US
2856,James Davis,customer2856@example.com,Enterprise,2020-08-29,CA
2857,William Martin,customer2857@example.com,Consumer,2022-08-17,KR
2858,Isabella Taylor,customer2858@example.com,SMB,2023-08-18,DE
2859,Michael Jones,customer2859@example.com,SMB,2020-04-09,DE
2860,Mary Davis,customer2860@example.com,Enterprise,2024-04-18,CA
2861,Ava Gonzalez,customer2861@example.com,SMB,2020-09-01,KR
2862,Jessica Rodriguez,customer2862@example.com,Enterprise,2021-09-11,AU
2863,Olivia Johnson,customer2863@example.com,Enterprise,2022-10-16,DE
2864,Barbara Jackson,customer2864@example.com,Enterprise,2020-01-17,BR
2865,Mia Thomas,customer2865@example.com,Consumer,2020-01-24,JP
2866,Barbara Thomas,customer2866@example.com,Consumer,2024-04-14,AU
2867,James Jones,customer2867@example.com,SMB,2021-03-06,UK
2868,Ava Davis,customer2868@example.com,Enterprise,2022-08-31,BR
2869,Barbara Moore,customer2869@example.com,Enterprise,2020-10-21,US
2870,Karen Wilson,customer2870@example.com,Enterprise,2020-01-04,CA
2871,Jennifer Taylor,customer2871@example.com,Enterprise,2024-12-25,US
2872,Isabella Gonzalez,customer2872@example.com,Consumer,2021-02-24,KR
2873,Christopher Jackson,customer2873@example.com,SMB,2024-01-29,CA
2874,Isabella Jones,customer2874@example.com,Enterprise,2020-08-20,UK
2875,Patricia Wilson,customer2875@example.com,SMB,2020-02-13,FR
2876,Jessica Davis,customer2876@example.com,Consumer,2021-02-28,UK
2877,Karen Anderson,customer2877@example.com,SMB,2024-10-01,FR
2878,Jessica Gonzalez,customer2878@example.com,SMB,2023-03-23,CA
2879,Noah Davis,customer2879@example.com,Enterprise,2020-12-02,US
2880,Emma Brown,customer2880@example.com,Enterprise,2020-06-09,CA
2881,Linda Jones,customer2881@example.com,Enterprise,2020-04-05,AU
2882,Linda Garcia,customer2882@example.com,Enterprise,2024-12-25,IN
2883,Joseph Moore,customer2883@example.com,Consumer,2024-02-27,CA
2884,William Wilson,customer2884@example.com,SMB,2021-05-27,FR
2885,David Smith,customer2885@example.com,Enterprise,2020-12-09,KR
2886,Karen Lopez,customer2886@example.com,Enterprise,2023-09-22,IN
2887,David Martinez,customer2887@example.com,Consumer,2024-10-30,US
2888,Jennifer Thomas,customer2888@example.com,Enterprise,2021-03-16,FR
2889,Sarah Taylor,customer2889@example.com,SMB,2021-10-27,UK
2890,Robert Hernandez,customer2890@example.com,Consumer,2021-06-01,IN
2891,Joseph Davis,customer2891@example.com,SMB,2024-01-28,CA
2892,Mary Rodriguez,customer2892@example.com,Consumer,2024-10-13,KR
2893,Noah Thomas,customer2893@example.com,Consumer,2024-06-03,IN
2894,Robert Anderson,customer2894@example.com,Enterprise,2024-09-18,US
2895,Olivia Davis,customer2895@example.com,SMB,2023-05-19,CA
2896,Michael Moore,customer2896@example.com,Consumer,2023-03-01,UK
2897,Sophia Jackson,customer2897@example.com,Consumer,2022-07-30,BR
2898,Noah Hernandez,customer2898@example.com,Enterprise,2020-01-08,AU
2899,Jessica Martin,customer2899@example.com,Consumer,2024-10-15,DE
2900,Olivia Jones,customer2900@example.com,Consumer,2023-12-06,CA
2901,William Johnson,customer2901@example.com,SMB,2022-04-02,FR
2902,John Thomas,customer2902@example.com,SMB,2021-09-19,JP
2903,Karen Lopez,customer2903@example.com,Enterprise,2020-10-17,US
2904,Isabella Taylor,customer2904@example.com,SMB,2020-08-11,KR
2905,Robert Martin,customer2905@example.com,SMB,2020-06-12,KR
2906,Susan Wilson,customer2906@example.com,Consumer,2023-10-10,IN
2907,Sophia Moore,customer2907@example.com,Enterprise,2024-11-03,FR
2908,Charlotte Garcia,customer2908@example.com,SMB,2023-02-22,FR
2909,Richard Jones,customer2909@example.com,SMB,2021-05-26,BR
2910,Joseph Taylor,customer2910@example.com,Consumer,2024-08-17,DE
2911,Robert Jackson,customer2911@example.com,Consumer,2024-11-18,DE
2912,Richard Taylor,customer2912@example.com,Enterprise,2021-01-11,UK
2913,Robert Smith,customer2913@example.com,Enterprise,2024-02-10,IN
2914,Jessica Davis,customer2914@example.com,Enterprise,2020-04-19,AU
2915,Emma Davis,customer2915@example.com,Enterprise,2020-01-08,US
2916,Emma Smith,customer2916@example.com,Enterprise,2021-06-16,AU
2917,Olivia Thomas,customer2917@example.com,Consumer,2020-06-26,US
2918,Charlotte Taylor,customer2918@example.com,SMB,2024-10-02,UK
2919,Elizabeth Smith,customer2919@example.com,Consumer,2022-01-06,KR
2920,Elizabeth Miller,customer2920@example.com,Consumer,2022-02-10,JP
2921,William Moore,customer2921@example.com,SMB,2020-07-25,KR
2922,Jessica Smith,customer2922@example.com,Enterprise,2024-12-07,BR
2923,Linda Jones,customer2923@example.com,Consumer,2022-12-02,DE
2924,Robert Wilson,customer2924@example.com,Consumer,2022-02-08,CA
2925,John Thomas,customer2925@example.com,Consumer,2022-12-01,IN
2926,Joseph Brown,customer2926@example.com,Enterprise,2023-09-04,CA
2927,Karen Miller,customer2927@example.com,SMB,2020-04-14,IN
2928,Jennifer Rodriguez,customer2928@example.com,Consumer,2024-01-25,KR
2929,Richard Hernandez,customer2929@example.com,Enterprise,2024-04-13,CA
2930,Mia Miller,customer2930@example.com,Enterprise,2022-07-26,UK
2931,Elizabeth Jones,customer2931@example.com,SMB,2023-01-27,IN
2932,Barbara Taylor,customer2932@example.com,SMB,2023-02-21,AU
2933,William Smith,customer2933@example.com,Consumer,2021-11-24,KR
2934,Sarah Johnson,customer2934@example.com,Consumer,2021-01-25,KR
2935,Michael Moore,customer2935@example.com,SMB,2024-08-06,FR
2936,Mary Williams,customer2936@example.com,Enterprise,2020-12-04,IN
2937,Richard Garcia,customer2937@example.com,SMB,2024-12-12,FR
2938,Isabella Miller,customer2938@example.com,Consumer,2020-06-28,AU
2939,Mary Anderson,customer2939@example.com,SMB,2024-05-12,FR
2940,David Gonzalez,customer2940@example.com,Enterprise,2023-11-20,BR
2941,Susan Martin,customer2941@example.com,SMB,2024-03-26,JP
2942,Liam Martinez,customer2942@example.com,Enterprise,2020-10-13,KR
2943,Sarah Gonzalez,customer2943@example.com,Consumer,2023-04-08,KR
2944,Susan Moore,customer2944@example.com,Consumer,2023-10-09,JP
2945,Richard Smith,customer2945@example.com,Enterprise,2023-10-14,BR
2946,Olivia Brown,customer2946@example.com,Enterprise,2022-01-20,DE
2947,Richard Martinez,customer2947@example.com,SMB,2023-02-11,KR
2948,Joseph Jackson,customer2948@example.com,Enterprise,2024-10-01,DE
2949,Mia Rodriguez,customer2949@example.com,Enterprise,2021-01-21,DE
2950,Emma Garcia,customer2950@example.com,Consumer,2024-09-14,BR
2951,James Thomas,customer2951@example.com,SMB,2023-11-13,AU
2952,Mia Jackson,customer2952@example.com,SMB,2021-01-17,AU
2953,Elizabeth Brown,customer2953@example.com,SMB,2023-06-01,DE
2954,Thomas Moore,customer2954@example.com,Enterprise,2023-07-29,FR
2955,Linda Miller,customer2955@example.com,Enterprise,2022-09-23,KR
2956,Jessica Martinez,customer2956@example.com,Enterprise,2024-02-14,BR
2957,James Martin,customer2957@example.com,Consumer,2023-10-27,IN
2958,Susan Jackson,customer2958@example.com,Consumer,2024-10-29,IN
2959,Michael Smith,customer2959@example.com,Enterprise,2024-03-19,BR
2960,Karen Jackson,customer2960@example.com,SMB,2022-11-19,DE
2961,William Williams,customer2961@example.com,SMB,2024-07-13,CA
2962,Richard Anderson,customer2962@example.com,Enterprise,2022-01-28,IN
2963,Barbara Smith,customer2963@example.com,SMB,2022-12-07,IN
2964,John Hernandez,customer2964@example.com,SMB,2021-09-29,IN
2965,Jennifer Gonzalez,customer2965@example.com,Consumer,2022-05-13,IN
2966,Charlotte Martinez,customer2966@example.com,SMB,2021-09-03,JP
2967,William Brown,customer2967@example.com,Consumer,2020-02-01,KR
2968,James Johnson,customer2968@example.com,Enterprise,2021-01-15,IN
2969,Linda Hernandez,customer2969@example.com,SMB,2023-08-24,AU
2970,Liam Smith,customer2970@example.com,Enterprise,2020-05-23,KR
2971,Sarah Brown,customer2971@example.com,SMB,2024-10-29,FR
2972,Mia Martinez,customer2972@example.com,SMB,2022-09-06,BR
2973,Charlotte Martin,customer2973@example.com,SMB,2021-11-03,US
2974,Barbara Rodriguez,customer2974@example.com,Consumer,2020-03-16,IN
2975,Jessica Hernandez,customer2975@example.com,Enterprise,2023-03-24,BR
2976,Joseph Williams,customer2976@example.com,Consumer,2022-05-20,AU
2977,Liam Martinez,customer2977@example.com,Enterprise,2024-06-22,AU
2978,Linda Garcia,customer2978@example.com,SMB,2024-02-03,DE
2979,Amelia Garcia,customer2979@example.com,Consumer,2024-08-24,AU
2980,David Johnson,customer2980@example.com,SMB,2024-12-29,IN
2981,Susan Lopez,customer2981@example.com,Enterprise,2021-06-07,KR
2982,Susan Martin,customer2982@example.com,SMB,2023-08-02,JP
2983,Jennifer Gonzalez,customer2983@example.com,Consumer,2024-10-06,CA
2984,Elizabeth Moore,customer2984@example.com,SMB,2022-06-28,BR
2985,Charlotte Wilson,customer2985@example.com,Consumer,2024-09-09,IN
2986,Richard Thomas,customer2986@example.com,SMB,2024-12-20,KR
2987,William Moore,customer2987@example.com,Enterprise,2020-10-19,CA
2988,Karen Martin,customer2988@example.com,Enterprise,2020-11-01,US
2989,Emma Gonzalez,customer2989@example.com,Enterprise,2020-05-22,UK
2990,Ava Martinez,customer2990@example.com,Enterprise,2021-03-26,US
2991,David Miller,customer2991@example.com,SMB,2023-05-03,FR
2992,Emma Jones,customer2992@example.com,Enterprise,2023-06-30,DE
2993,Sarah Jackson,customer2993@example.com,Consumer,2020-01-25,DE
2994,John Garcia,customer2994@example.com,Enterprise,2020-07-08,JP
2995,Noah Hernandez,customer2995@example.com,Consumer,2022-06-30,US
2996,Karen Jackson,customer2996@example.com,SMB,2022-12-20,US
2997,Mia Moore,customer2997@example.com,Enterprise,2021-08-15,JP
2998,David Johnson,customer2998@example.com,Consumer,2023-06-05,UK
2999,Emma Wilson,customer2999@example.com,Enterprise,2024-04-09,UK
3000,Olivia Jones,customer3000@example.com,SMB,2022-04-08,KR
3001,William Wilson,customer3001@example.com,Enterprise,2023-07-01,CA
3002,Sarah Jackson,customer3002@example.com,SMB,2020-01-28,BR
3003,James Davis,customer3003@example.com,Enterprise,2024-03-19,AU
3004,John Williams,customer3004@example.com,Consumer,2024-05-23,CA
3005,Liam Smith,customer3005@example.com,Consumer,2024-08-05,FR
3006,David Garcia,customer3006@example.com,Enterprise,2023-06-03,CA
3007,James Williams,customer3007@example.com,SMB,2024-05-08,FR
3008,Karen Smith,customer3008@example.com,Consumer,2021-05-09,JP
3009,Joseph Davis,customer3009@example.com,Enterprise,2021-08-29,FR
3010,Elizabeth Wilson,customer3010@example.com,Consumer,2020-02-20,FR
3011,John Rodriguez,customer3011@example.com,Consumer,2020-04-29,KR
3012,Linda Miller,customer3012@example.com,SMB,2023-06-20,JP
3013,Linda Martin,customer3013@example.com,Enterprise,2020-07-22,DE
3014,Richard Martinez,customer3014@example.com,Consumer,2020-01-27,UK
3015,Susan Moore,customer3015@example.com,Enterprise,2024-10-28,BR
3016,Robert Williams,customer3016@example.com,Enterprise,2020-06-12,FR
3017,Ava Williams,customer3017@example.com,Enterprise,2024-03-18,BR
3018,Sophia Brown,customer3018@example.com,Enterprise,2022-05-11,BR
3019,Michael Garcia,customer3019@example.com,Enterprise,2024-02-13,CA
3020,Olivia Moore,customer3020@example.com,Consumer,2024-09-05,BR
3021,James Hernandez,customer3021@example.com,Consumer,2024-07-04,BR
3022,Patricia Miller,customer3022@example.com,SMB,2020-12-04,CA
3023,John Anderson,customer3023@example.com,Enterprise,2023-03-08,UK
3024,Robert Brown,customer3024@example.com,SMB,2020-07-26,FR
3025,Michael Thomas,customer3025@example.com,Enterprise,2023-05-10,JP
3026,Richard Martinez,customer3026@example.com,Enterprise,2020-09-18,US
3027,Ava Thomas,customer3027@example.com,SMB,2024-04-29,KR
3028,Michael Martinez,customer3028@example.com,Enterprise,2024-09-10,US
3029,Thomas Williams,customer3029@example.com,SMB,2021-05-04,BR
3030,Charlotte Rodriguez,customer3030@example.com,Consumer,2024-03-22,BR
3031,Emma Martin,customer3031@example.com,SMB,2022-07-03,AU
3032,Thomas Johnson,customer3032@example.com,Consumer,2023-04-25,CA
3033,Sarah Jones,customer3033@example.com,SMB,2022-01-24,CA
3034,Jessica Miller,customer3034@example.com,Consumer,2021-08-01,KR
3035,Michael Taylor,customer3035@example.com,SMB,2022-06-08,US
3036,Joseph Williams,customer3036@example.com,Consumer,2023-06-30,FR
3037,Elizabeth Taylor,customer3037@example.com,Enterprise,2023-05-10,AU
3038,James Martinez,customer3038@example.com,SMB,2020-03-02,JP
3039,Jessica Gonzalez,customer3039@example.com,Enterprise,2020-09-04,DE
3040,Ava Williams,customer3040@example.com,SMB,2024-11-25,UK
3041,Olivia Rodriguez,customer3041@example.com,Consumer,2023-03-23,UK
3042,Olivia Lopez,customer3042@example.com,Consumer,2022-05-12,DE
3043,Charlotte Johnson,customer3043@example.com,Consumer,2021-06-23,JP
3044,Isabella Jones,customer3044@example.com,Consumer,2022-02-08,DE
3045,Jessica Brown,customer3045@example.com,SMB,2021-04-08,BR
3046,Joseph Brown,customer3046@example.com,Consumer,2023-01-04,FR
3047,James Anderson,customer3047@example.com,SMB,2022-03-27,UK
3048,Richard Smith,customer3048@example.com,Consumer,2020-05-26,AU
3049,Mary Brown,customer3049@example.com,Enterprise,2023-06-30,JP
3050,Emma Rodriguez,customer3050@example.com,SMB,2024-01-01,IN
3051,Ava Wilson,customer3051@example.com,SMB,2023-10-04,IN
3052,Sarah Johnson,customer3052@example.com,Consumer,2022-04-25,CA
3053,Christopher Jones,customer3053@example.com,Consumer,2021-12-29,IN
3054,Richard Lopez,customer3054@example.com,SMB,2022-07-20,AU
3055,Jennifer Wilson,customer3055@example.com,Consumer,2020-03-29,KR
3056,James Martin,customer3056@example.com,Consumer,2022-03-12,AU
3057,Liam Jackson,customer3057@example.com,Enterprise,2020-03-05,DE
3058,John Gonzalez,customer3058@example.com,Enterprise,2022-08-16,KR
3059,Barbara Anderson,customer3059@example.com,Enterprise,2024-05-31,KR
3060,Olivia Miller,customer3060@example.com,Enterprise,2021-03-29,AU
3061,Sophia Thomas,customer3061@example.com,Enterprise,2023-02-21,AU
3062,Patricia Johnson,customer3062@example.com,Consumer,2020-12-09,US
3063,Emma Miller,customer3063@example.com,Consumer,2024-04-12,CA
3064,Christopher Anderson,customer3064@example.com,SMB,2023-03-03,BR
3065,Linda Jones,customer3065@example.com,SMB,2021-06-03,CA
3066,Noah Jones,customer3066@example.com,Consumer,2022-10-08,UK
3067,Charlotte Gonzalez,customer3067@example.com,Consumer,2022-08-18,BR
3068,Charlotte Martinez,customer3068@example.com,Consumer,2020-06-13,FR
3069,David Johnson,customer3069@example.com,Enterprise,2022-07-05,KR
3070,Susan Wilson,customer3070@example.com,Enterprise,2023-01-18,IN
3071,Richard Martin,customer3071@example.com,SMB,2023-06-19,IN
3072,Jennifer Williams,customer3072@example.com,Consumer,2020-07-29,JP
3073,Isabella Williams,customer3073@example.com,Enterprise,2020-08-12,BR
3074,Mia Davis,customer3074@example.com,Consumer,2024-05-31,CA
3075,Mia Williams,customer3075@example.com,SMB,2020-03-14,US
3076,Amelia Johnson,customer3076@example.com,SMB,2020-10-22,CA
3077,Emma Taylor,customer3077@example.com,Enterprise,2024-07-15,KR
3078,Elizabeth Anderson,customer3078@example.com,SMB,2020-03-27,IN
3079,James Jackson,customer3079@example.com,SMB,2023-09-13,CA
3080,James Taylor,customer3080@example.com,SMB,2024-10-21,BR
3081,Joseph Thomas,customer3081@example.com,SMB,2024-05-16,BR
3082,Isabella Taylor,customer3082@example.com,SMB,2024-03-18,KR
3083,Emma Anderson,customer3083@example.com,Enterprise,2023-08-03,KR
3084,Joseph Martin,customer3084@example.com,Enterprise,2021-04-25,BR
3085,Michael Thomas,customer3085@example.com,SMB,2020-07-13,UK
3086,Joseph Miller,customer3086@example.com,Consumer,2020-04-17,KR
3087,David Garcia,customer3087@example.com,Consumer,2022-09-21,DE
3088,Mary Wilson,customer3088@example.com,Consumer,2024-11-02,AU
3089,Jennifer Rodriguez,customer3089@example.com,Enterprise,2022-02-15,JP
3090,Karen Moore,customer3090@example.com,Enterprise,2020-09-02,US
3091,Charlotte Williams,customer3091@example.com,SMB,2023-11-15,DE
3092,Susan Hernandez,customer3092@example.com,Enterprise,2023-07-21,DE
3093,Mia Williams,customer3093@example.com,Enterprise,2023-11-17,US
3094,David Rodriguez,customer3094@example.com,Enterprise,2021-10-09,CA
3095,Noah Gonzalez,customer3095@example.com,SMB,2022-10-23,US
3096,Michael Lopez,customer3096@example.com,Consumer,2024-11-07,KR
3097,Linda Gonzalez,customer3097@example.com,SMB,2023-03-16,DE
3098,Thomas Johnson,customer3098@example.com,Consumer,2024-09-02,US
3099,Ava Hernandez,customer3099@example.com,SMB,2022-03-08,AU
3100,Sarah Williams,customer3100@example.com,Enterprise,2020-12-09,KR
3101,Elizabeth Martinez,customer3101@example.com,Consumer,2020-01-14,IN
3102,Joseph Anderson,customer3102@example.com,Consumer,2024-07-26,BR
3103,Elizabeth Jones,customer3103@example.com,Enterprise,2024-09-01,FR
3104,Noah Davis,customer3104@example.com,Consumer,2024-10-08,IN
3105,Sophia Jones,customer3105@example.com,Enterprise,2024-08-17,KR
3106,David Wilson,customer3106@example.com,Enterprise,2023-08-31,BR
3107,Barbara Jackson,customer3107@example.com,Consumer,2021-01-28,AU
3108,Isabella Garcia,customer3108@example.com,SMB,2023-06-21,CA
3109,Mia Davis,customer3109@example.com,Consumer,2021-12-29,UK
3110,David Taylor,customer3110@example.com,Consumer,2023-02-16,IN
3111,Patricia Davis,customer3111@example.com,Consumer,2023-11-20,AU
3112,Olivia Davis,customer3112@example.com,Enterprise,2020-02-13,FR
3113,Elizabeth Rodriguez,customer3113@example.com,Consumer,2020-03-28,AU
3114,Christopher Hernandez,customer3114@example.com,Consumer,2020-09-03,CA
3115,Isabella Williams,customer3115@example.com,SMB,2020-10-25,JP
3116,Noah Garcia,customer3116@example.com,Consumer,2020-01-06,FR
3117,David Jones,customer3117@example.com,SMB,2022-01-09,KR
3118,Michael Jackson,customer3118@example.com,Enterprise,2022-10-02,CA
3119,Charlotte Williams,customer3119@example.com,Consumer,2023-09-25,US
3120,Mary Anderson,customer3120@example.com,SMB,2023-11-29,IN
3121,Linda Davis,customer3121@example.com,Enterprise,2022-08-08,CA
3122,Patricia Lopez,customer3122@example.com,SMB,2024-08-08,DE
3123,Patricia Martin,customer3123@example.com,Enterprise,2021-09-01,JP
3124,Amelia Lopez,customer3124@example.com,Consumer,2022-06-07,CA
3125,Patricia Davis,customer3125@example.com,SMB,2024-02-11,DE
3126,Linda Brown,customer3126@example.com,Consumer,2021-01-09,KR
3127,Robert Jones,customer3127@example.com,SMB,2024-02-23,AU
3128,Mia Martinez,customer3128@example.com,Consumer,2024-02-05,AU
3129,James Anderson,customer3129@example.com,SMB,2021-04-15,CA
3130,Noah Williams,customer3130@example.com,Consumer,2021-07-24,UK
3131,Jessica Garcia,customer3131@example.com,SMB,2024-02-29,FR
3132,Michael Martin,customer3132@example.com,SMB,2024-06-05,IN
3133,Sophia Taylor,customer3133@example.com,Consumer,2024-07-11,FR
3134,Patricia Thomas,customer3134@example.com,Enterprise,2024-08-30,DE
3135,Charlotte Anderson,customer3135@example.com,Enterprise,2020-10-26,FR
3136,David Anderson,customer3136@example.com,Enterprise,2022-10-24,DE
3137,Richard Gonzalez,customer3137@example.com,Consumer,2023-12-09,DE
3138,Sophia Davis,customer3138@example.com,Enterprise,2021-12-08,US
3139,Jessica Wilson,customer3139@example.com,SMB,2023-03-05,BR
3140,Jessica Johnson,customer3140@example.com,SMB,2022-10-11,UK
3141,Jennifer Moore,customer3141@example.com,Consumer,2020-06-06,CA
3142,Richard Rodriguez,customer3142@example.com,Enterprise,2022-02-01,BR
3143,John Brown,customer3143@example.com,SMB,2023-12-01,KR
3144,Ava Martinez,customer3144@example.com,Enterprise,2023-10-22,FR
3145,Michael Miller,customer3145@example.com,SMB,2024-02-11,AU
3146,Noah Rodriguez,customer3146@example.com,Enterprise,2024-10-17,JP
3147,Robert Wilson,customer3147@example.com,Consumer,2023-10-11,UK
3148,Charlotte Williams,customer3148@example.com,Enterprise,2021-05-27,AU
3149,Richard Smith,customer3149@example.com,Enterprise,2023-11-28,KR
3150,Robert Rodriguez,customer3150@example.com,Enterprise,2023-01-06,KR
3151,Amelia Jackson,customer3151@example.com,SMB,2024-05-09,BR
3152,James Martinez,customer3152@example.com,Consumer,2020-10-10,UK
3153,Isabella Martin,customer3153@example.com,SMB,2020-02-20,JP
3154,Elizabeth Johnson,customer3154@example.com,Enterprise,2022-02-11,KR
3155,Mia Wilson,customer3155@example.com,SMB,2024-10-12,FR
3156,William Wilson,customer3156@example.com,Enterprise,2024-10-02,AU
3157,Karen Moore,customer3157@example.com,Enterprise,2021-01-10,AU
3158,Richard Johnson,customer3158@example.com,Enterprise,2021-11-01,AU
3159,Richard Gonzalez,customer3159@example.com,Enterprise,2020-08-20,UK
3160,Thomas Moore,customer3160@example.com,Enterprise,2023-08-13,AU
3161,Christopher Miller,customer3161@example.com,Enterprise,2021-07-25,IN
3162,Emma Gonzalez,customer3162@example.com,Consumer,2020-01-27,BR
3163,Mia Thomas,customer3163@example.com,SMB,2020-09-11,BR
3164,Thomas Garcia,customer3164@example.com,Enterprise,2020-09-23,UK
3165,Susan Jackson,customer3165@example.com,Enterprise,2020-07-24,AU
3166,Susan Brown,customer3166@example.com,Consumer,2022-05-20,IN
3167,Robert Lopez,customer3167@example.com,Consumer,2020-01-10,CA
3168,Christopher Johnson,customer3168@example.com,Consumer,2024-04-27,JP
3169,Susan Gonzalez,customer3169@example.com,Consumer,2021-09-30,CA
3170,Thomas Johnson,customer3170@example.com,Enterprise,2020-01-19,US
3171,Charlotte Jackson,customer3171@example.com,Enterprise,2021-12-23,AU
3172,David Gonzalez,customer3172@example.com,Enterprise,2024-10-26,CA
3173,Amelia Lopez,customer3173@example.com,SMB,2020-12-05,BR
3174,Mia Anderson,customer3174@example.com,Enterprise,2021-04-20,US
3175,Elizabeth Smith,customer3175@example.com,Consumer,2024-04-30,CA
3176,Charlotte Martinez,customer3176@example.com,Enterprise,2024-10-13,US
3177,Olivia Brown,customer3177@example.com,Enterprise,2024-02-27,AU
3178,Ava Martinez,customer3178@example.com,Consumer,2022-10-21,UK
3179,Michael Jones,customer3179@example.com,Enterprise,2021-01-24,CA
3180,Liam Jackson,customer3180@example.com,Consumer,2024-11-10,CA
3181,Mia Thomas,customer3181@example.com,SMB,2021-05-17,UK
3182,Karen Anderson,customer3182@example.com,Enterprise,2021-10-11,KR
3183,Olivia Smith,customer3183@example.com,Enterprise,2023-08-05,IN
3184,Sophia Lopez,customer3184@example.com,Consumer,2021-08-02,JP
3185,Sarah Lopez,customer3185@example.com,Consumer,2020-08-15,DE
3186,Patricia Garcia,customer3186@example.com,Consumer,2024-09-20,UK
3187,Emma Smith,customer3187@example.com,SMB,2023-01-01,DE
3188,Charlotte Miller,customer3188@example.com,SMB,2020-07-30,BR
3189,Patricia Martin,customer3189@example.com,SMB,2022-09-10,FR
3190,David Moore,customer3190@example.com,Consumer,2021-12-07,CA
3191,John Hernandez,customer3191@example.com,Enterprise,2022-10-16,CA
3192,James Hernandez,customer3192@example.com,Enterprise,2021-07-17,JP
3193,Jennifer Martinez,customer3193@example.com,Enterprise,2024-09-08,BR
3194,Ava Anderson,customer3194@example.com,Consumer,2020-06-21,UK
3195,Noah Jones,customer3195@example.com,Enterprise,2022-01-31,KR
3196,David Brown,customer3196@example.com,Enterprise,2023-04-11,UK
3197,Olivia Hernandez,customer3197@example.com,Enterprise,2024-01-24,FR
3198,Isabella Martinez,customer3198@example.com,Consumer,2021-05-10,JP
3199,Elizabeth Miller,customer3199@example.com,SMB,2020-06-12,DE
3200,Joseph Johnson,customer3200@example.com,Consumer,2024-12-14,AU
3201,Sophia Jackson,customer3201@example.com,Enterprise,2024-11-11,BR
3202,Charlotte Jackson,customer3202@example.com,Consumer,2022-06-19,IN
3203,Charlotte Gonzalez,customer3203@example.com,Consumer,2020-07-24,BR
3204,Susan Martin,customer3204@example.com,Consumer,2023-04-04,IN
3205,Noah Smith,customer3205@example.com,Enterprise,2023-07-04,DE
3206,Mary Moore,customer3206@example.com,Enterprise,2020-08-05,JP
3207,Jessica Davis,customer3207@example.com,SMB,2020-01-30,UK
3208,Ava Rodriguez,customer3208@example.com,SMB,2020-10-29,DE
3209,Olivia Williams,customer3209@example.com,Enterprise,2020-01-30,BR
3210,Sarah Jackson,customer3210@example.com,Enterprise,2020-04-06,BR
3211,Jessica Martinez,customer3211@example.com,Enterprise,2020-02-16,JP
3212,Susan Moore,customer3212@example.com,SMB,2020-09-08,BR
3213,Jessica Williams,customer3213@example.com,SMB,2024-09-10,DE
3214,Emma Garcia,customer3214@example.com,Enterprise,2022-11-08,BR
3215,John Brown,customer3215@example.com,SMB,2023-04-24,BR
3216,Michael Johnson,customer3216@example.com,Enterprise,2021-03-06,US
3217,Mia Smith,customer3217@example.com,Enterprise,2022-07-10,BR
3218,Amelia Hernandez,customer3218@example.com,SMB,2022-11-11,FR
3219,Olivia Hernandez,customer3219@example.com,SMB,2024-01-13,FR
3220,Ava Hernandez,customer3220@example.com,Enterprise,2020-05-26,KR
3221,Richard Williams,customer3221@example.com,SMB,2022-04-06,UK
3222,John Garcia,customer3222@example.com,Enterprise,2021-03-07,US
3223,Michael Brown,customer3223@example.com,Consumer,2022-01-19,IN
3224,Mary Rodriguez,customer3224@example.com,Consumer,2023-07-12,IN
3225,Karen Miller,customer3225@example.com,SMB,2021-11-30,KR
3226,Amelia Brown,customer3226@example.com,SMB,2021-10-24,JP
3227,David Smith,customer3227@example.com,Enterprise,2021-06-11,UK
3228,David Miller,customer3228@example.com,Enterprise,2024-03-29,UK
3229,Elizabeth Rodriguez,customer3229@example.com,Enterprise,2024-10-09,US
3230,Amelia Martin,customer3230@example.com,SMB,2021-10-06,IN
3231,Amelia Taylor,customer3231@example.com,Enterprise,2021-08-09,JP
3232,Olivia Hernandez,customer3232@example.com,Consumer,2023-03-22,IN
3233,Mia Miller,customer3233@example.com,Consumer,2020-03-05,KR
3234,Amelia Brown,customer3234@example.com,SMB,2023-10-23,BR
3235,Elizabeth Lopez,customer3235@example.com,Enterprise,2020-07-20,DE
3236,Jessica Smith,customer3236@example.com,SMB,2021-03-08,DE
3237,Elizabeth Anderson,customer3237@example.com,Enterprise,2020-08-18,UK
3238,John Johnson,customer3238@example.com,SMB,2024-08-12,BR
3239,Ava Taylor,customer3239@example.com,Enterprise,2020-03-14,UK
3240,Sarah Martinez,customer3240@example.com,Consumer,2024-05-21,US
3241,Ava Jackson,customer3241@example.com,Enterprise,2023-03-21,UK
3242,Isabella Garcia,customer3242@example.com,SMB,2020-07-21,US
3243,Olivia Garcia,customer3243@example.com,SMB,2022-12-18,BR
3244,Liam Davis,customer3244@example.com,Consumer,2022-01-05,IN
3245,Mary Johnson,customer3245@example.com,SMB,2022-07-16,JP
3246,David Thomas,customer3246@example.com,Consumer,2021-11-08,DE
3247,Liam Gonzalez,customer3247@example.com,Enterprise,2022-06-23,UK
3248,James Davis,customer3248@example.com,Enterprise,2021-06-01,CA
3249,Elizabeth Hernandez,customer3249@example.com,Enterprise,2020-06-27,JP
3250,Charlotte Johnson,customer3250@example.com,Consumer,2024-06-07,CA
3251,Sarah Moore,customer3251@example.com,Consumer,2023-04-01,KR
3252,Emma Brown,customer3252@example.com,SMB,2022-12-27,FR
3253,Liam Martin,customer3253@example.com,Consumer,2022-11-09,AU
3254,Patricia Thomas,customer3254@example.com,SMB,2024-09-19,KR
3255,Richard Jackson,customer3255@example.com,SMB,2022-08-17,JP
3256,Elizabeth Thomas,customer3256@example.com,SMB,2022-09-29,KR
3257,Linda Moore,customer3257@example.com,Consumer,2022-02-07,US
3258,Robert Hernandez,customer3258@example.com,SMB,2020-11-01,UK
3259,Mary Johnson,customer3259@example.com,SMB,2021-09-01,FR
3260,Liam Hernandez,customer3260@example.com,SMB,2021-11-29,AU
3261,Thomas Garcia,customer3261@example.com,Enterprise,2024-02-04,IN
3262,Noah Williams,customer3262@example.com,SMB,2024-08-28,FR
3263,Robert Brown,customer3263@example.com,Enterprise,2021-01-08,IN
3264,Ava Miller,customer3264@example.com,Enterprise,2023-06-17,DE
3265,Amelia Martinez,customer3265@example.com,Consumer,2021-12-09,UK
3266,Robert Wilson,customer3266@example.com,Enterprise,2021-09-26,US
3267,Linda Hernandez,customer3267@example.com,Enterprise,2022-09-25,FR
3268,Mia Martin,customer3268@example.com,Consumer,2023-07-24,CA
3269,David Davis,customer3269@example.com,SMB,2021-08-11,US
3270,Barbara Jackson,customer3270@example.com,Enterprise,2024-02-05,AU
3271,Michael Smith,customer3271@example.com,Enterprise,2023-06-01,JP
3272,James Williams,customer3272@example.com,Consumer,2024-07-10,BR
3273,David Martin,customer3273@example.com,Consumer,2022-07-09,FR
3274,Patricia Wilson,customer3274@example.com,Consumer,2024-05-27,AU
3275,Jessica Brown,customer3275@example.com,Enterprise,2024-10-02,US
3276,Sarah Thomas,customer3276@example.com,Consumer,2022-10-20,FR
3277,Noah Johnson,customer3277@example.com,SMB,2020-11-24,US
3278,Susan Martin,customer3278@example.com,Enterprise,2022-06-02,CA
3279,Jennifer Taylor,customer3279@example.com,Consumer,2024-02-04,DE
3280,Charlotte Anderson,customer3280@example.com,Consumer,2023-07-06,DE
3281,Liam Thomas,customer3281@example.com,Consumer,2021-12-07,JP
3282,Charlotte Taylor,customer3282@example.com,SMB,2024-06-11,FR
3283,Liam Hernandez,customer3283@example.com,Enterprise,2023-01-03,JP
3284,Karen Jones,customer3284@example.com,SMB,2023-08-29,AU
3285,Michael Anderson,customer3285@example.com,Enterprise,2024-12-19,UK
3286,Richard Martin,customer3286@example.com,Enterprise,2022-12-27,IN
3287,Isabella Jackson,customer3287@example.com,Consumer,2021-08-23,UK
3288,Susan Moore,customer3288@example.com,Consumer,2023-12-02,FR
3289,Joseph Jackson,customer3289@example.com,Consumer,2022-01-16,AU
3290,Barbara Miller,customer3290@example.com,Enterprise,2022-05-30,UK
3291,Charlotte Hernandez,customer3291@example.com,Enterprise,2023-04-15,KR
3292,Mia Martinez,customer3292@example.com,Enterprise,2024-09-05,US
3293,Christopher Johnson,customer3293@example.com,Consumer,2024-06-01,KR
3294,William Wilson,customer3294@example.com,SMB,2024-08-03,UK
3295,Joseph Smith,customer3295@example.com,SMB,2021-04-12,US
3296,Thomas Garcia,customer3296@example.com,Enterprise,2020-10-01,DE
3297,Noah Hernandez,customer3297@example.com,Enterprise,2024-12-24,JP
3298,Noah Garcia,customer3298@example.com,SMB,2020-02-20,KR
3299,Mary Lopez,customer3299@example.com,Consumer,2024-11-27,UK
3300,Joseph Martinez,customer3300@example.com,Enterprise,2020-11-05,US
3301,Barbara Miller,customer3301@example.com,SMB,2022-02-15,DE
3302,Barbara Moore,customer3302@example.com,Consumer,2024-12-30,DE
3303,Liam Moore,customer3303@example.com,Enterprise,2024-01-24,UK
3304,Liam Rodriguez,customer3304@example.com,Consumer,2020-04-13,DE
3305,Jennifer Moore,customer3305@example.com,Consumer,2020-11-17,BR
3306,Isabella Hernandez,customer3306@example.com,SMB,2022-02-05,UK
3307,Noah Rodriguez,customer3307@example.com,Consumer,2024-07-21,AU
3308,Jessica Gonzalez,customer3308@example.com,Consumer,2020-11-01,UK
3309,James Lopez,customer3309@example.com,Enterprise,2022-07-29,UK
3310,Jennifer Martin,customer3310@example.com,SMB,2022-02-26,BR
3311,Linda Hernandez,customer3311@example.com,SMB,2020-01-06,IN
3312,Barbara Miller,customer3312@example.com,SMB,2020-04-25,UK
3313,Karen Lopez,customer3313@example.com,Enterprise,2021-01-15,BR
3314,Sophia Johnson,customer3314@example.com,Enterprise,2022-03-09,DE
3315,Liam Williams,customer3315@example.com,Consumer,2024-02-29,BR
3316,Ava Garcia,customer3316@example.com,Enterprise,2020-01-08,IN
3317,Mia Davis,customer3317@example.com,SMB,2021-05-08,FR
3318,Sophia Martinez,customer3318@example.com,SMB,2024-12-21,US
3319,Mia Gonzalez,customer3319@example.com,Consumer,2021-08-24,KR
3320,Olivia Wilson,customer3320@example.com,Enterprise,2020-02-17,UK
3321,Robert Johnson,customer3321@example.com,Enterprise,2024-11-28,AU
3322,Emma Jones,customer3322@example.com,Enterprise,2023-04-29,UK
3323,William Rodriguez,customer3323@example.com,Enterprise,2022-10-09,US
3324,Noah Davis,customer3324@example.com,Consumer,2023-07-07,UK
3325,Sophia Brown,customer3325@example.com,Consumer,2022-03-30,CA
3326,Isabella Wilson,customer3326@example.com,Enterprise,2020-07-04,JP
3327,David Gonzalez,customer3327@example.com,Consumer,2021-09-13,KR
3328,Michael Miller,customer3328@example.com,SMB,2024-08-07,BR
3329,Sarah Davis,customer3329@example.com,Consumer,2022-05-07,KR
3330,Sophia Taylor,customer3330@example.com,Consumer,2020-10-17,AU
3331,Richard Jones,customer3331@example.com,Enterprise,2024-08-31,BR
3332,Isabella Jackson,customer3332@example.com,Consumer,2020-09-16,DE
3333,Olivia Thomas,customer3333@example.com,Consumer,2021-09-26,CA
3334,John Davis,customer3334@example.com,Enterprise,2020-01-02,CA
3335,Robert Wilson,customer3335@example.com,Enterprise,2022-04-19,BR
3336,Jessica Wilson,customer3336@example.com,Consumer,2021-09-29,AU
3337,Amelia Wilson,customer3337@example.com,Consumer,2024-02-25,FR
3338,Michael Thomas,customer3338@example.com,Consumer,2021-08-26,DE
3339,William Anderson,customer3339@example.com,Enterprise,2022-08-29,CA
3340,Christopher Williams,customer3340@example.com,Consumer,2021-10-02,JP
3341,Ava Gonzalez,customer3341@example.com,Consumer,2023-10-25,UK
3342,Michael Garcia,customer3342@example.com,Consumer,2022-03-14,JP
3343,Liam Jones,customer3343@example.com,Enterprise,2024-02-29,JP
3344,Liam Smith,customer3344@example.com,SMB,2021-03-02,DE
3345,Richard Anderson,customer3345@example.com,Enterprise,2023-06-16,BR
3346,Liam Gonzalez,customer3346@example.com,Enterprise,2023-07-21,JP
3347,Noah Brown,customer3347@example.com,SMB,2020-12-13,CA
3348,Joseph Lopez,customer3348@example.com,Enterprise,2024-03-29,UK
3349,Susan Davis,customer3349@example.com,SMB,2022-09-28,IN
3350,Olivia Martin,customer3350@example.com,Enterprise,2023-02-08,CA
3351,Charlotte Moore,customer3351@example.com,Enterprise,2022-03-07,CA
3352,Robert Taylor,customer3352@example.com,Enterprise,2021-04-13,JP
3353,William Smith,customer3353@example.com,Consumer,2022-06-21,UK
3354,David Davis,customer3354@example.com,SMB,2020-07-14,AU
3355,Barbara Williams,customer3355@example.com,Enterprise,2023-08-20,US
3356,Olivia Garcia,customer3356@example.com,SMB,2024-10-14,IN
3357,Karen Hernandez,customer3357@example.com,Consumer,2021-07-24,BR
3358,Linda Hernandez,customer3358@example.com,Enterprise,2021-08-25,JP
3359,Barbara Jones,customer3359@example.com,Enterprise,2024-06-24,CA
3360,Barbara Lopez,customer3360@example.com,SMB,2020-11-02,AU
3361,Linda Williams,customer3361@example.com,Enterprise,2020-06-12,FR
3362,Emma Martin,customer3362@example.com,Enterprise,2022-08-16,UK
3363,Jessica Johnson,customer3363@example.com,Enterprise,2024-10-13,UK
3364,Joseph Jackson,customer3364@example.com,Enterprise,2023-07-24,US
3365,Jessica Thomas,customer3365@example.com,Enterprise,2022-08-23,CA
3366,Barbara Johnson,customer3366@example.com,Consumer,2022-11-01,FR
3367,Christopher Anderson,customer3367@example.com,SMB,2020-03-01,AU
3368,Elizabeth Lopez,customer3368@example.com,Enterprise,2024-07-04,KR
3369,Richard Thomas,customer3369@example.com,Enterprise,2024-11-27,US
3370,James Garcia,customer3370@example.com,SMB,2022-05-29,JP
3371,Patricia Moore,customer3371@example.com,SMB,2023-10-01,BR
3372,Mary Thomas,customer3372@example.com,SMB,2024-03-15,JP
3373,Susan Gonzalez,customer3373@example.com,SMB,2022-05-18,IN
3374,Jessica Martin,customer3374@example.com,Enterprise,2020-09-18,DE
3375,Sarah Miller,customer3375@example.com,Enterprise,2024-11-19,JP
3376,David Williams,customer3376@example.com,SMB,2022-01-23,FR
3377,William Garcia,customer3377@example.com,Enterprise,2022-09-24,US
3378,William Moore,customer3378@example.com,Enterprise,2023-06-18,CA
3379,Ava Anderson,customer3379@example.com,Consumer,2020-06-07,US
3380,Karen Davis,customer3380@example.com,Consumer,2024-06-28,UK
3381,Liam Johnson,customer3381@example.com,Consumer,2024-07-17,FR
3382,Noah Davis,customer3382@example.com,Enterprise,2021-01-30,DE
3383,Thomas Hernandez,customer3383@example.com,Enterprise,2023-07-06,CA
3384,Robert Brown,customer3384@example.com,Consumer,2020-08-01,UK
3385,Sophia Wilson,customer3385@example.com,Enterprise,2020-06-12,DE
3386,Barbara Jones,customer3386@example.com,SMB,2021-08-11,AU
3387,William Davis,customer3387@example.com,SMB,2021-09-19,AU
3388,Richard Brown,customer3388@example.com,SMB,2023-08-30,UK
3389,David Smith,customer3389@example.com,Consumer,2024-04-22,IN
3390,Joseph Martinez,customer3390@example.com,SMB,2022-04-04,KR
3391,Charlotte Davis,customer3391@example.com,Enterprise,2022-01-15,US
3392,Olivia Jackson,customer3392@example.com,Enterprise,2021-11-30,BR
3393,Charlotte Taylor,customer3393@example.com,Consumer,2022-07-13,JP
3394,Charlotte Brown,customer3394@example.com,Consumer,2022-10-04,DE
3395,Patricia Miller,customer3395@example.com,SMB,2024-01-23,KR
3396,Barbara Rodriguez,customer3396@example.com,Consumer,2021-03-09,IN
3397,Thomas Jones,customer3397@example.com,Enterprise,2022-07-05,KR
3398,James Moore,customer3398@example.com,Consumer,2022-08-12,BR
3399,Mary Moore,customer3399@example.com,Enterprise,2021-03-01,CA
3400,Robert Lopez,customer3400@example.com,Enterprise,2022-01-12,US
3401,Elizabeth Taylor,customer3401@example.com,Enterprise,2022-07-15,FR
3402,Robert Martinez,customer3402@example.com,Enterprise,2020-07-13,AU
3403,James Jones,customer3403@example.com,Consumer,2020-11-04,US
3404,Charlotte Miller,customer3404@example.com,SMB,2024-05-14,AU
3405,David Johnson,customer3405@example.com,SMB,2024-10-07,UK
3406,Thomas Wilson,customer3406@example.com,Consumer,2024-11-24,CA
3407,Susan Williams,customer3407@example.com,Consumer,2024-01-10,AU
3408,Olivia Rodriguez,customer3408@example.com,SMB,2022-12-27,BR
3409,Jennifer Miller,customer3409@example.com,SMB,2022-04-30,FR
3410,Mia Martin,customer3410@example.com,Consumer,2023-12-12,JP
3411,Noah Rodriguez,customer3411@example.com,Consumer,2024-08-19,FR
3412,Sophia Gonzalez,customer3412@example.com,SMB,2023-10-11,US
3413,Barbara Garcia,customer3413@example.com,SMB,2022-11-21,KR
3414,Joseph Garcia,customer3414@example.com,Consumer,2022-09-16,KR
3415,Barbara Gonzalez,customer3415@example.com,SMB,2020-03-12,BR
3416,Ava Hernandez,customer3416@example.com,SMB,2022-09-20,KR
3417,Elizabeth Hernandez,customer3417@example.com,SMB,2023-02-23,US
3418,Jessica Jones,customer3418@example.com,SMB,2023-04-12,CA
3419,Christopher Jones,customer3419@example.com,Enterprise,2021-10-23,UK
3420,Liam Johnson,customer3420@example.com,SMB,2022-05-21,JP
3421,David Smith,customer3421@example.com,Enterprise,2020-04-20,DE
3422,Charlotte Martinez,customer3422@example.com,Consumer,2022-09-14,UK
3423,Emma Thomas,customer3423@example.com,Enterprise,2021-08-01,CA
3424,Olivia Garcia,customer3424@example.com,Enterprise,2021-10-09,DE
3425,Jessica Martinez,customer3425@example.com,Consumer,2024-08-06,IN
3426,Robert Martin,customer3426@example.com,Enterprise,2023-12-27,US
3427,David Wilson,customer3427@example.com,SMB,2024-03-27,KR
3428,John Rodriguez,customer3428@example.com,SMB,2020-04-17,BR
3429,Noah Jackson,customer3429@example.com,Consumer,2023-07-03,JP
3430,Karen Martin,customer3430@example.com,Enterprise,2023-09-27,BR
3431,Joseph Martinez,customer3431@example.com,Enterprise,2022-02-16,JP
3432,William Miller,customer3432@example.com,Enterprise,2020-11-03,IN
3433,Karen Garcia,customer3433@example.com,Enterprise,2021-05-12,UK
3434,Thomas Williams,customer3434@example.com,Enterprise,2020-04-02,UK
3435,Richard Jones,customer3435@example.com,SMB,2022-06-17,JP
3436,Robert Davis,customer3436@example.com,Consumer,2024-04-02,BR
3437,Linda Jackson,customer3437@example.com,Enterprise,2023-10-27,AU
3438,Amelia Williams,customer3438@example.com,Consumer,2023-12-28,KR
3439,Isabella Lopez,customer3439@example.com,Enterprise,2020-02-26,AU
3440,John Anderson,customer3440@example.com,Enterprise,2020-01-22,KR
3441,Karen Martin,customer3441@example.com,Enterprise,2023-07-31,DE
3442,Joseph Brown,customer3442@example.com,Enterprise,2020-06-14,DE
3443,Sarah Smith,customer3443@example.com,Enterprise,2021-10-03,US
3444,Olivia Martin,customer3444@example.com,SMB,2023-11-09,BR
3445,Noah Hernandez,customer3445@example.com,SMB,2021-08-12,CA
3446,William Johnson,customer3446@example.com,Consumer,2020-09-03,UK
3447,John Anderson,customer3447@example.com,Consumer,2020-12-07,AU
3448,Joseph Martin,customer3448@example.com,Enterprise,2020-03-28,JP
3449,John Smith,customer3449@example.com,Enterprise,2020-05-28,FR
3450,Noah Jackson,customer3450@example.com,SMB,2022-01-08,AU
3451,Thomas Jones,customer3451@example.com,SMB,2023-01-23,AU
3452,Jessica Lopez,customer3452@example.com,SMB,2022-01-21,US
3453,Richard Martinez,customer3453@example.com,Consumer,2020-10-26,DE
3454,Barbara Lopez,customer3454@example.com,SMB,2021-11-08,DE
3455,Sophia Thomas,customer3455@example.com,SMB,2024-03-02,DE
3456,Karen Wilson,customer3456@example.com,SMB,2023-01-06,US
3457,James Davis,customer3457@example.com,Enterprise,2020-07-26,CA
3458,David Taylor,customer3458@example.com,Enterprise,2021-09-20,US
3459,Barbara Gonzalez,customer3459@example.com,SMB,2020-10-17,CA
3460,Mary Williams,customer3460@example.com,SMB,2020-09-04,JP
3461,Christopher Moore,customer3461@example.com,Consumer,2024-02-25,CA
3462,Robert Lopez,customer3462@example.com,SMB,2024-09-30,US
3463,James Lopez,customer3463@example.com,Consumer,2021-09-13,UK
3464,Elizabeth Davis,customer3464@example.com,SMB,2022-08-29,IN
3465,Sophia Martinez,customer3465@example.com,Consumer,2024-03-19,KR
3466,Michael Hernandez,customer3466@example.com,Consumer,2024-12-24,JP
3467,William Garcia,customer3467@example.com,Enterprise,2023-12-11,CA
3468,Barbara Thomas,customer3468@example.com,Consumer,2023-05-19,UK
3469,Sarah Thomas,customer3469@example.com,Enterprise,2020-03-03,UK
3470,Isabella Rodriguez,customer3470@example.com,Enterprise,2024-06-09,BR
3471,Patricia Thomas,customer3471@example.com,SMB,2023-02-23,UK
3472,Linda Moore,customer3472@example.com,Consumer,2020-12-22,IN
3473,Jessica Taylor,customer3473@example.com,Enterprise,2023-06-22,US
3474,Michael Davis,customer3474@example.com,SMB,2020-03-11,US
3475,Michael Smith,customer3475@example.com,SMB,2023-01-16,US
3476,Jessica Miller,customer3476@example.com,Consumer,2021-11-25,BR
3477,Ava Smith,customer3477@example.com,Enterprise,2024-11-19,UK
3478,Emma Miller,customer3478@example.com,Consumer,2021-09-10,CA
3479,Liam Lopez,customer3479@example.com,Enterprise,2021-03-20,JP
3480,James Jones,customer3480@example.com,SMB,2020-03-13,AU
3481,Amelia Miller,customer3481@example.com,SMB,2024-03-12,FR
3482,Sarah Anderson,customer3482@example.com,SMB,2024-12-12,BR
3483,Olivia Johnson,customer3483@example.com,Enterprise,2024-03-01,AU
3484,Amelia Moore,customer3484@example.com,SMB,2021-07-19,AU
3485,Michael Jackson,customer3485@example.com,SMB,2022-01-18,FR
3486,Jennifer Smith,customer3486@example.com,Consumer,2020-12-06,UK
3487,Amelia Rodriguez,customer3487@example.com,SMB,2022-09-02,AU
3488,Christopher Taylor,customer3488@example.com,Consumer,2021-09-01,IN
3489,William Anderson,customer3489@example.com,Enterprise,2020-12-20,JP
3490,Christopher Martinez,customer3490@example.com,Consumer,2023-05-31,AU
3491,James Smith,customer3491@example.com,Consumer,2023-05-16,DE
3492,Olivia Martin,customer3492@example.com,SMB,2020-03-28,US
3493,David Hernandez,customer3493@example.com,SMB,2022-05-17,BR
3494,Linda Thomas,customer3494@example.com,SMB,2020-05-26,DE
3495,James Lopez,customer3495@example.com,Enterprise,2023-01-02,KR
3496,Isabella Jones,customer3496@example.com,Consumer,2021-04-02,CA
3497,Noah Hernandez,customer3497@example.com,Enterprise,2022-05-30,UK
3498,Mary Hernandez,customer3498@example.com,Consumer,2021-10-10,AU
3499,Patricia Hernandez,customer3499@example.com,SMB,2020-08-05,FR
3500,Emma Jackson,customer3500@example.com,SMB,2020-11-12,IN
3501,Sarah Miller,customer3501@example.com,SMB,2020-09-16,FR
3502,William Martinez,customer3502@example.com,Enterprise,2024-10-06,DE
3503,Patricia Taylor,customer3503@example.com,SMB,2021-02-21,DE
3504,Isabella Gonzalez,customer3504@example.com,Consumer,2024-08-23,UK
3505,Isabella Moore,customer3505@example.com,Consumer,2020-03-01,DE
3506,Amelia Smith,customer3506@example.com,SMB,2022-06-16,DE
3507,Amelia Martinez,customer3507@example.com,Consumer,2021-06-03,US
3508,Linda Miller,customer3508@example.com,Consumer,2020-12-05,KR
3509,Olivia Anderson,customer3509@example.com,SMB,2022-02-19,AU
3510,Isabella Martin,customer3510@example.com,SMB,2023-02-09,UK
3511,Isabella Miller,customer3511@example.com,Enterprise,2021-06-23,CA
3512,Charlotte Williams,customer3512@example.com,Enterprise,2023-12-08,UK
3513,Ava Martinez,customer3513@example.com,Consumer,2021-07-28,CA
3514,Thomas Wilson,customer3514@example.com,Consumer,2021-01-15,CA
3515,James Johnson,customer3515@example.com,Consumer,2024-03-23,CA
3516,James Anderson,customer3516@example.com,Enterprise,2020-01-31,AU
3517,Mary Martinez,customer3517@example.com,Enterprise,2020-12-29,US
3518,Mia Brown,customer3518@example.com,SMB,2024-05-16,FR
3519,John Hernandez,customer3519@example.com,Enterprise,2020-04-11,UK
3520,Michael Thomas,customer3520@example.com,Enterprise,2022-07-25,CA
3521,Amelia Hernandez,customer3521@example.com,SMB,2023-08-25,DE
3522,William Johnson,customer3522@example.com,Consumer,2021-12-30,AU
3523,Isabella Jackson,customer3523@example.com,Enterprise,2020-05-13,KR
3524,James Jones,customer3524@example.com,Enterprise,2023-03-04,IN
3525,Linda Lopez,customer3525@example.com,Enterprise,2024-09-17,DE
3526,Jennifer Taylor,customer3526@example.com,SMB,2020-12-04,BR
3527,Sarah Moore,customer3527@example.com,SMB,2023-05-19,KR
3528,Michael Thomas,customer3528@example.com,Enterprise,2020-03-30,CA
3529,Christopher Taylor,customer3529@example.com,SMB,2022-04-04,AU
3530,Joseph Brown,customer3530@example.com,Consumer,2020-01-10,FR
3531,James Taylor,customer3531@example.com,Enterprise,2020-11-14,AU
3532,Olivia Jones,customer3532@example.com,Consumer,2023-01-11,KR
3533,Sarah Smith,customer3533@example.com,SMB,2024-09-22,BR
3534,Elizabeth Martinez,customer3534@example.com,Consumer,2022-12-20,US
3535,Thomas Miller,customer3535@example.com,Enterprise,2021-10-06,AU
3536,Sophia Miller,customer3536@example.com,SMB,2020-05-17,IN
3537,Charlotte Jackson,customer3537@example.com,SMB,2023-05-03,BR
3538,Amelia Anderson,customer3538@example.com,Enterprise,2023-06-06,KR
3539,David Hernandez,customer3539@example.com,Consumer,2020-12-23,UK
3540,Richard Jones,customer3540@example.com,Enterprise,2022-06-18,IN
3541,Sophia Wilson,customer3541@example.com,Consumer,2021-06-10,KR
3542,Jennifer Williams,customer3542@example.com,SMB,2023-11-10,AU
3543,David Gonzalez,customer3543@example.com,Consumer,2024-12-21,UK
3544,Jessica Wilson,customer3544@example.com,Enterprise,2021-12-14,IN
3545,Elizabeth Thomas,customer3545@example.com,Enterprise,2024-02-24,DE
3546,Sarah Williams,customer3546@example.com,SMB,2021-07-18,US
3547,Linda Johnson,customer3547@example.com,Enterprise,2021-04-30,BR
3548,William Martinez,customer3548@example.com,SMB,2020-03-15,CA
3549,John Martin,customer3549@example.com,Consumer,2023-04-11,IN
3550,William Jackson,customer3550@example.com,SMB,2023-06-29,US
3551,Thomas Gonzalez,customer3551@example.com,SMB,2021-09-20,CA
3552,Thomas Lopez,customer3552@example.com,Enterprise,2020-08-04,US
3553,Linda Jones,customer3553@example.com,Consumer,2021-09-28,BR
3554,Noah Johnson,customer3554@example.com,Enterprise,2021-03-07,JP
3555,Jennifer Miller,customer3555@example.com,SMB,2022-01-23,AU
3556,Sophia Gonzalez,customer3556@example.com,Consumer,2022-09-18,AU
3557,Barbara Davis,customer3557@example.com,Enterprise,2020-05-06,FR
3558,Michael Martin,customer3558@example.com,Consumer,2021-08-08,AU
3559,Ava Wilson,customer3559@example.com,Enterprise,2024-08-26,JP
3560,Emma Wilson,customer3560@example.com,Enterprise,2023-08-21,IN
3561,Thomas Taylor,customer3561@example.com,Consumer,2024-09-10,UK
3562,Michael Jackson,customer3562@example.com,Consumer,2023-05-13,FR
3563,Liam Brown,customer3563@example.com,SMB,2024-07-07,CA
3564,Mary Johnson,customer3564@example.com,SMB,2023-12-28,US
3565,Liam Thomas,customer3565@example.com,Enterprise,2022-01-21,CA
3566,Ava Davis,customer3566@example.com,Enterprise,2024-09-20,JP
3567,Olivia Miller,customer3567@example.com,Enterprise,2023-07-31,AU
3568,Christopher Davis,customer3568@example.com,Consumer,2021-12-16,FR
3569,Noah Miller,customer3569@example.com,SMB,2024-01-08,FR
3570,Susan Williams,customer3570@example.com,Consumer,2021-06-21,CA
3571,Mia Williams,customer3571@example.com,Enterprise,2024-10-20,DE
3572,Olivia Jackson,customer3572@example.com,Consumer,2023-04-27,KR
3573,Joseph Hernandez,customer3573@example.com,Enterprise,2021-06-05,CA
3574,Barbara Williams,customer3574@example.com,SMB,2024-11-04,CA
3575,James Brown,customer3575@example.com,Consumer,2023-06-28,IN
3576,Liam Brown,customer3576@example.com,Enterprise,2021-02-15,DE
3577,Patricia Hernandez,customer3577@example.com,Consumer,2021-11-20,JP
3578,Richard Martin,customer3578@example.com,Enterprise,2020-06-20,AU
3579,Elizabeth Taylor,customer3579@example.com,Consumer,2024-06-01,CA
3580,Mary Gonzalez,customer3580@example.com,SMB,2021-10-26,AU
3581,Richard Thomas,customer3581@example.com,Consumer,2024-12-07,BR
3582,Thomas Jackson,customer3582@example.com,SMB,2022-08-08,KR
3583,Christopher Miller,customer3583@example.com,Enterprise,2024-07-02,US
3584,Liam Anderson,customer3584@example.com,SMB,2020-08-16,IN
3585,Richard Lopez,customer3585@example.com,SMB,2022-03-03,CA
3586,James Brown,customer3586@example.com,Consumer,2024-10-20,JP
3587,Christopher Davis,customer3587@example.com,Enterprise,2023-09-05,KR
3588,Ava Thomas,customer3588@example.com,Enterprise,2024-03-27,UK
3589,Noah Martinez,customer3589@example.com,Consumer,2022-05-23,AU
3590,Sophia Moore,customer3590@example.com,SMB,2022-04-27,DE
3591,Isabella Taylor,customer3591@example.com,SMB,2022-07-25,AU
3592,Linda Gonzalez,customer3592@example.com,SMB,2023-03-09,AU
3593,Ava Wilson,customer3593@example.com,Consumer,2020-05-20,BR
3594,Jennifer Anderson,customer3594@example.com,Enterprise,2021-01-16,AU
3595,Karen Brown,customer3595@example.com,Enterprise,2024-02-14,CA
3596,David Thomas,customer3596@example.com,Consumer,2024-08-14,KR
3597,Thomas Moore,customer3597@example.com,Consumer,2020-07-17,CA
3598,Sophia Taylor,customer3598@example.com,Consumer,2024-12-18,AU
3599,Olivia Wilson,customer3599@example.com,Consumer,2024-03-31,CA
3600,Susan Miller,customer3600@example.com,SMB,2023-12-13,CA
3601,James Wilson,customer3601@example.com,Consumer,2024-07-31,DE
3602,Richard Miller,customer3602@example.com,Enterprise,2021-06-18,FR
3603,Ava Lopez,customer3603@example.com,Enterprise,2021-08-06,JP
3604,Sarah Garcia,customer3604@example.com,Consumer,2022-09-08,KR
3605,Richard Garcia,customer3605@example.com,SMB,2022-09-14,JP
3606,Linda Thomas,customer3606@example.com,SMB,2022-01-01,IN
3607,John Jackson,customer3607@example.com,Enterprise,2021-02-20,IN
3608,James Thomas,customer3608@example.com,SMB,2021-10-01,AU
3609,Mia Taylor,customer3609@example.com,Enterprise,2022-10-30,IN
3610,Karen Rodriguez,customer3610@example.com,Enterprise,2021-12-05,AU
3611,Richard Wilson,customer3611@example.com,Enterprise,2023-01-21,FR
3612,Emma Martinez,customer3612@example.com,Consumer,2020-08-16,KR
3613,Elizabeth Rodriguez,customer3613@example.com,SMB,2023-05-29,FR
3614,William Hernandez,customer3614@example.com,Consumer,2024-09-03,DE
3615,James Gonzalez,customer3615@example.com,Enterprise,2021-04-08,CA
3616,Linda Garcia,customer3616@example.com,Consumer,2021-09-27,AU
3617,Christopher Lopez,customer3617@example.com,Consumer,2023-09-23,CA
3618,Jessica Martinez,customer3618@example.com,Enterprise,2024-04-04,KR
3619,Jennifer Rodriguez,customer3619@example.com,Consumer,2020-09-02,BR
3620,Joseph Moore,customer3620@example.com,Consumer,2022-02-27,BR
3621,Karen Wilson,customer3621@example.com,Enterprise,2022-04-19,US
3622,Joseph Garcia,customer3622@example.com,SMB,2020-03-12,AU
3623,Thomas Johnson,customer3623@example.com,SMB,2024-11-09,CA
3624,Jennifer Lopez,customer3624@example.com,SMB,2022-07-22,UK
3625,Thomas Taylor,customer3625@example.com,Consumer,2021-05-08,KR
3626,Barbara Smith,customer3626@example.com,Enterprise,2022-04-10,FR
3627,John Smith,customer3627@example.com,SMB,2020-08-19,CA
3628,Christopher Davis,customer3628@example.com,Enterprise,2021-04-21,DE
3629,Christopher Jackson,customer3629@example.com,SMB,2021-04-29,UK
3630,Noah Brown,customer3630@example.com,Enterprise,2023-12-24,FR
3631,Michael Moore,customer3631@example.com,Enterprise,2020-11-02,UK
3632,Sophia Johnson,customer3632@example.com,SMB,2022-05-18,UK
3633,Mia Thomas,customer3633@example.com,SMB,2023-01-28,US
3634,Karen Anderson,customer3634@example.com,SMB,2020-03-08,JP
3635,Noah Thomas,customer3635@example.com,SMB,2021-11-04,IN
3636,Robert Garcia,customer3636@example.com,Enterprise,2022-08-19,FR
3637,Patricia Smith,customer3637@example.com,SMB,2022-04-19,CA
3638,Robert Martin,customer3638@example.com,Consumer,2021-12-27,UK
3639,Thomas Garcia,customer3639@example.com,Consumer,2022-04-07,CA
3640,Sophia Jones,customer3640@example.com,Enterprise,2022-10-21,CA
3641,Jessica Martinez,customer3641@example.com,Consumer,2024-11-12,KR
3642,William Smith,customer3642@example.com,Enterprise,2021-04-13,BR
3643,Linda Miller,customer3643@example.com,Enterprise,2024-10-23,AU
3644,Michael Martin,customer3644@example.com,Consumer,2020-05-17,IN
3645,Sarah Thomas,customer3645@example.com,Enterprise,2020-06-27,AU
3646,Jennifer Miller,customer3646@example.com,Consumer,2022-04-17,JP
3647,James Martin,customer3647@example.com,SMB,2024-07-02,CA
3648,Karen Johnson,customer3648@example.com,SMB,2023-01-04,CA
3649,Sarah Johnson,customer3649@example.com,SMB,2022-06-08,UK
3650,Jessica Miller,customer3650@example.com,Consumer,2024-08-20,US
3651,Isabella Davis,customer3651@example.com,SMB,2023-10-25,US
3652,Mary Wilson,customer3652@example.com,SMB,2021-02-19,CA
3653,Sarah Gonzalez,customer3653@example.com,SMB,2024-01-05,CA
3654,Barbara Moore,customer3654@example.com,Enterprise,2021-07-18,AU
3655,Noah Jackson,customer3655@example.com,SMB,2020-11-28,DE
3656,Emma Hernandez,customer3656@example.com,SMB,2024-01-04,KR
3657,Mary Martinez,customer3657@example.com,Consumer,2023-02-09,BR
3658,Mia Jones,customer3658@example.com,Enterprise,2021-04-19,JP
3659,Mia Wilson,customer3659@example.com,Consumer,2024-04-12,BR
3660,Michael Garcia,customer3660@example.com,SMB,2022-04-23,FR
3661,Susan Jackson,customer3661@example.com,Enterprise,2022-01-22,KR
3662,Barbara Thomas,customer3662@example.com,Enterprise,2024-04-16,IN
3663,Richard Moore,customer3663@example.com,SMB,2020-07-02,UK
3664,Noah Hernandez,customer3664@example.com,Enterprise,2023-08-24,CA
3665,Mia Miller,customer3665@example.com,Consumer,2024-03-19,FR
3666,James Lopez,customer3666@example.com,Enterprise,2023-03-23,CA
3667,William Williams,customer3667@example.com,Enterprise,2020-11-19,FR
3668,Elizabeth Martinez,customer3668@example.com,Enterprise,2020-12-17,FR
3669,Noah Rodriguez,customer3669@example.com,SMB,2020-03-02,AU
3670,Ava Garcia,customer3670@example.com,Consumer,2024-07-28,CA
3671,Jessica Wilson,customer3671@example.com,SMB,2024-10-18,KR
3672,Richard Martin,customer3672@example.com,Consumer,2022-11-16,JP
3673,Sarah Thomas,customer3673@example.com,Enterprise,2024-09-06,JP
3674,Sophia Anderson,customer3674@example.com,SMB,2023-05-08,FR
3675,Emma Thomas,customer3675@example.com,Consumer,2021-10-30,KR
3676,Linda Martin,customer3676@example.com,SMB,2023-08-08,UK
3677,Patricia Williams,customer3677@example.com,SMB,2022-09-28,JP
3678,Linda Anderson,customer3678@example.com,Consumer,2023-07-17,KR
3679,Jennifer Williams,customer3679@example.com,Enterprise,2023-01-15,KR
3680,Richard Jackson,customer3680@example.com,Consumer,2020-07-06,KR
3681,Jennifer Hernandez,customer3681@example.com,SMB,2024-03-04,US
3682,Sarah Martin,customer3682@example.com,SMB,2020-05-30,CA
3683,Emma Thomas,customer3683@example.com,Consumer,2020-03-21,US
3684,Emma Gonzalez,customer3684@example.com,SMB,2022-11-10,DE
3685,William Miller,customer3685@example.com,SMB,2021-06-25,DE
3686,Elizabeth Martin,customer3686@example.com,Consumer,2021-01-05,IN
3687,Sarah Smith,customer3687@example.com,SMB,2023-12-15,FR
3688,James Hernandez,customer3688@example.com,Enterprise,2020-10-05,JP
3689,James Lopez,customer3689@example.com,Consumer,2024-09-22,BR
3690,Amelia Jackson,customer3690@example.com,Consumer,2024-11-03,UK
3691,Noah Wilson,customer3691@example.com,Enterprise,2021-08-20,CA
3692,William Lopez,customer3692@example.com,Enterprise,2023-10-18,DE
3693,Thomas Lopez,customer3693@example.com,Enterprise,2024-05-16,CA
3694,Thomas Taylor,customer3694@example.com,Enterprise,2022-07-14,JP
3695,Olivia Brown,customer3695@example.com,SMB,2023-11-01,JP
3696,Liam Wilson,customer3696@example.com,Consumer,2022-02-22,UK
3697,Liam Miller,customer3697@example.com,Enterprise,2023-10-25,KR
3698,Jessica Lopez,customer3698@example.com,SMB,2023-09-04,DE
3699,Noah Anderson,customer3699@example.com,Consumer,2022-07-21,FR
3700,Elizabeth Martin,customer3700@example.com,Consumer,2021-06-10,FR
3701,Barbara Thomas,customer3701@example.com,SMB,2022-10-18,JP
3702,Mary Gonzalez,customer3702@example.com,Consumer,2022-10-10,CA
3703,Noah Garcia,customer3703@example.com,Enterprise,2023-03-11,KR
3704,Sarah Gonzalez,customer3704@example.com,Consumer,2020-12-31,JP
3705,Karen Thomas,customer3705@example.com,Consumer,2021-03-06,DE
3706,Richard Anderson,customer3706@example.com,Enterprise,2024-01-15,AU
3707,Sophia Lopez,customer3707@example.com,SMB,2023-08-28,AU
3708,Amelia Lopez,customer3708@example.com,SMB,2023-11-25,FR
3709,John Miller,customer3709@example.com,Enterprise,2021-03-23,DE
3710,Isabella Martinez,customer3710@example.com,Enterprise,2023-02-07,JP
3711,Patricia Gonzalez,customer3711@example.com,Consumer,2020-06-14,AU
3712,Emma Brown,customer3712@example.com,Enterprise,2023-05-02,US
3713,Jennifer Lopez,customer3713@example.com,Enterprise,2021-08-18,KR
3714,David Anderson,customer3714@example.com,SMB,2022-01-01,DE
3715,Jessica Martinez,customer3715@example.com,Enterprise,2020-10-22,KR
3716,Joseph Davis,customer3716@example.com,Enterprise,2024-06-05,KR
3717,Amelia Taylor,customer3717@example.com,Consumer,2023-05-09,DE
3718,Patricia Jackson,customer3718@example.com,Enterprise,2020-02-24,US
3719,John Davis,customer3719@example.com,SMB,2022-04-18,IN
3720,David Garcia,customer3720@example.com,SMB,2022-09-30,US
3721,Amelia Rodriguez,customer3721@example.com,Enterprise,2023-07-16,AU
3722,John Jones,customer3722@example.com,Consumer,2023-12-08,DE
3723,Richard Jones,customer3723@example.com,Enterprise,2020-01-10,CA
3724,Joseph Miller,customer3724@example.com,Enterprise,2021-07-28,IN
3725,Sarah Martinez,customer3725@example.com,Enterprise,2021-08-29,JP
3726,Elizabeth Miller,customer3726@example.com,Consumer,2024-01-02,DE
3727,Amelia Thomas,customer3727@example.com,SMB,2021-08-11,DE
3728,Amelia Brown,customer3728@example.com,Consumer,2020-11-19,JP
3729,Christopher Gonzalez,customer3729@example.com,SMB,2021-06-08,JP
3730,Sophia Thomas,customer3730@example.com,Enterprise,2024-11-29,AU
3731,Richard Jones,customer3731@example.com,Consumer,2020-02-04,US
3732,Patricia Jackson,customer3732@example.com,Consumer,2021-06-16,KR
3733,Thomas Taylor,customer3733@example.com,Consumer,2021-10-06,KR
3734,Jennifer Taylor,customer3734@example.com,SMB,2020-07-09,FR
3735,Olivia Martinez,customer3735@example.com,Consumer,2024-06-09,JP
3736,Noah Miller,customer3736@example.com,Consumer,2020-08-20,AU
3737,Emma Miller,customer3737@example.com,SMB,2022-03-21,FR
3738,Robert Smith,customer3738@example.com,Consumer,2024-11-11,IN
3739,Mia Gonzalez,customer3739@example.com,Consumer,2023-08-31,CA
3740,Mia Johnson,customer3740@example.com,Consumer,2020-06-07,BR
3741,Elizabeth Moore,customer3741@example.com,SMB,2023-11-30,BR
3742,James Anderson,customer3742@example.com,Enterprise,2023-01-01,JP
3743,Mary Lopez,customer3743@example.com,Consumer,2023-08-27,CA
3744,Sophia Davis,customer3744@example.com,Consumer,2021-12-23,UK
3745,Sarah Anderson,customer3745@example.com,Enterprise,2021-07-20,FR
3746,Karen Miller,customer3746@example.com,Enterprise,2022-06-07,US
3747,John Garcia,customer3747@example.com,Consumer,2024-06-13,JP
3748,Liam Anderson,customer3748@example.com,SMB,2024-04-08,FR
3749,Amelia Smith,customer3749@example.com,Enterprise,2024-09-30,US
3750,Liam Wilson,customer3750@example.com,Consumer,2020-08-29,DE
3751,Robert Rodriguez,customer3751@example.com,Enterprise,2020-09-21,JP
3752,Jessica Garcia,customer3752@example.com,SMB,2024-01-11,IN
3753,William Thomas,customer3753@example.com,SMB,2020-09-27,BR
3754,Charlotte Brown,customer3754@example.com,Enterprise,2021-08-08,JP
3755,Olivia Jones,customer3755@example.com,Consumer,2024-11-28,IN
3756,Isabella Thomas,customer3756@example.com,SMB,2023-11-03,BR
3757,Noah Martinez,customer3757@example.com,Enterprise,2020-11-03,DE
3758,William Gonzalez,customer3758@example.com,Consumer,2024-10-09,KR
3759,Thomas Hernandez,customer3759@example.com,SMB,2024-11-22,US
3760,Amelia Lopez,customer3760@example.com,Consumer,2023-11-27,BR
3761,Sophia Wilson,customer3761@example.com,SMB,2022-08-27,UK
3762,Michael Anderson,customer3762@example.com,Enterprise,2024-08-22,IN
3763,Noah Hernandez,customer3763@example.com,Consumer,2024-02-29,JP
3764,Olivia Lopez,customer3764@example.com,SMB,2023-12-06,JP
3765,Sarah Smith,customer3765@example.com,Consumer,2020-05-27,AU
3766,Michael Taylor,customer3766@example.com,Enterprise,2022-11-15,DE
3767,James Williams,customer3767@example.com,Consumer,2024-08-27,UK
3768,Noah Thomas,customer3768@example.com,Enterprise,2021-12-27,US
3769,Richard Brown,customer3769@example.com,Enterprise,2023-10-27,US
3770,Ava Brown,customer3770@example.com,Consumer,2024-11-30,JP
3771,Linda Miller,customer3771@example.com,Consumer,2023-11-11,JP
3772,Susan Martin,customer3772@example.com,SMB,2024-08-23,IN
3773,David Johnson,customer3773@example.com,Consumer,2021-03-24,BR
3774,Robert Brown,customer3774@example.com,Enterprise,2021-02-03,BR
3775,Liam Martin,customer3775@example.com,SMB,2022-08-02,AU
3776,Elizabeth Martin,customer3776@example.com,SMB,2022-07-26,BR
3777,Mia Smith,customer3777@example.com,Consumer,2023-05-11,KR
3778,Michael Lopez,customer3778@example.com,SMB,2021-08-04,US
3779,Olivia Jackson,customer3779@example.com,SMB,2022-08-16,IN
3780,Richard Brown,customer3780@example.com,Enterprise,2020-06-09,AU
3781,John Jackson,customer3781@example.com,Consumer,2021-12-16,AU
3782,Sophia Moore,customer3782@example.com,Consumer,2023-06-10,JP
3783,Ava Jones,customer3783@example.com,SMB,2022-05-22,FR
3784,William Gonzalez,customer3784@example.com,Consumer,2021-09-13,CA
3785,Noah Anderson,customer3785@example.com,Consumer,2023-01-07,JP
3786,Ava Wilson,customer3786@example.com,Consumer,2020-02-27,JP
3787,Richard Taylor,customer3787@example.com,Enterprise,2023-12-01,CA
3788,Christopher Gonzalez,customer3788@example.com,SMB,2024-11-18,JP
3789,James Williams,customer3789@example.com,Consumer,2020-07-22,AU
3790,Jennifer Brown,customer3790@example.com,Enterprise,2020-03-26,FR
3791,Isabella Miller,customer3791@example.com,Enterprise,2022-10-22,CA
3792,Olivia Davis,customer3792@example.com,SMB,2022-02-08,FR
3793,Elizabeth Garcia,customer3793@example.com,Consumer,2022-08-14,BR
3794,Jennifer Wilson,customer3794@example.com,Consumer,2023-07-19,CA
3795,Jennifer Anderson,customer3795@example.com,Consumer,2021-08-30,FR
3796,Joseph Miller,customer3796@example.com,Consumer,2024-01-07,UK
3797,Karen Gonzalez,customer3797@example.com,Enterprise,2021-03-02,US
3798,Olivia Johnson,customer3798@example.com,Consumer,2020-05-08,DE
3799,Richard Anderson,customer3799@example.com,Consumer,2021-12-04,AU
3800,Robert Moore,customer3800@example.com,Consumer,2022-01-10,JP
3801,Joseph Gonzalez,customer3801@example.com,SMB,2022-06-06,FR
3802,John Lopez,customer3802@example.com,SMB,2022-10-12,IN
3803,Olivia Wilson,customer3803@example.com,Enterprise,2022-12-10,AU
3804,Patricia Smith,customer3804@example.com,Consumer,2023-11-02,JP
3805,Thomas Martin,customer3805@example.com,Consumer,2020-11-22,AU
3806,William Anderson,customer3806@example.com,Consumer,2022-02-26,CA
3807,Robert Martinez,customer3807@example.com,Consumer,2023-07-26,BR
3808,Barbara Moore,customer3808@example.com,Enterprise,2020-08-17,UK
3809,Michael Jones,customer3809@example.com,Enterprise,2024-10-22,UK
3810,Isabella Moore,customer3810@example.com,Consumer,2021-09-12,DE
3811,Isabella Taylor,customer3811@example.com,Enterprise,2021-03-06,US
3812,Charlotte Moore,customer3812@example.com,SMB,2020-07-20,KR
3813,Mary Thomas,customer3813@example.com,Consumer,2022-07-24,US
3814,Jessica Miller,customer3814@example.com,SMB,2023-12-24,DE
3815,Isabella Jones,customer3815@example.com,SMB,2020-05-02,AU
3816,Jennifer Martinez,customer3816@example.com,Consumer,2024-09-16,AU
3817,William Wilson,customer3817@example.com,Consumer,2024-10-03,UK
3818,Liam Johnson,customer3818@example.com,SMB,2020-09-22,KR
3819,Sophia Miller,customer3819@example.com,Consumer,2021-10-13,KR
3820,Liam Taylor,customer3820@example.com,SMB,2023-02-02,BR
3821,Amelia Jones,customer3821@example.com,SMB,2022-04-23,US
3822,Robert Thomas,customer3822@example.com,Consumer,2023-03-12,CA
3823,Karen Martin,customer3823@example.com,Enterprise,2021-06-09,US
3824,Elizabeth Lopez,customer3824@example.com,Enterprise,2024-11-20,KR
3825,Michael Lopez,customer3825@example.com,Consumer,2021-09-17,DE
3826,Linda Brown,customer3826@example.com,Enterprise,2024-01-03,FR
3827,Ava Lopez,customer3827@example.com,Enterprise,2023-07-27,DE
3828,Christopher Wilson,customer3828@example.com,Consumer,2023-02-24,JP
3829,Robert Rodriguez,customer3829@example.com,Enterprise,2022-03-31,KR
3830,Michael Davis,customer3830@example.com,Consumer,2024-10-31,AU
3831,Sophia Williams,customer3831@example.com,SMB,2021-07-24,CA
3832,Joseph Hernandez,customer3832@example.com,SMB,2022-01-28,IN
3833,Linda Thomas,customer3833@example.com,Enterprise,2022-05-29,AU
3834,Susan Jackson,customer3834@example.com,Consumer,2020-06-03,US
3835,Mary Wilson,customer3835@example.com,Enterprise,2021-01-09,IN
3836,Thomas Davis,customer3836@example.com,Enterprise,2021-09-26,AU
3837,William Wilson,customer3837@example.com,Consumer,2021-07-13,US
3838,Ava Hernandez,customer3838@example.com,SMB,2023-01-08,IN
3839,Barbara Jones,customer3839@example.com,Enterprise,2022-07-28,UK
3840,Michael Martin,customer3840@example.com,SMB,2024-06-13,US
3841,Mia Taylor,customer3841@example.com,Enterprise,2020-03-08,AU
3842,Patricia Brown,customer3842@example.com,Consumer,2022-10-08,BR
3843,Michael Miller,customer3843@example.com,SMB,2024-02-03,JP
3844,William Rodriguez,customer3844@example.com,Enterprise,2021-05-03,CA
3845,Sarah Anderson,customer3845@example.com,Enterprise,2022-08-08,AU
3846,Sophia Brown,customer3846@example.com,SMB,2022-07-22,AU
3847,Emma Williams,customer3847@example.com,Enterprise,2024-11-25,CA
3848,Christopher Smith,customer3848@example.com,Enterprise,2021-04-04,AU
3849,Sophia Williams,customer3849@example.com,Enterprise,2020-01-01,CA
3850,Michael Williams,customer3850@example.com,SMB,2023-04-16,CA
3851,Linda Brown,customer3851@example.com,SMB,2020-11-19,JP
3852,Jessica Rodriguez,customer3852@example.com,SMB,2023-11-11,UK
3853,Thomas Lopez,customer3853@example.com,Enterprise,2024-02-28,JP
3854,Mary Rodriguez,customer3854@example.com,SMB,2021-09-13,UK
3855,Jessica Davis,customer3855@example.com,Enterprise,2024-09-07,US
3856,Charlotte Taylor,customer3856@example.com,Consumer,2024-09-05,BR
3857,David Jones,customer3857@example.com,Enterprise,2021-07-16,FR
3858,John Anderson,customer3858@example.com,SMB,2020-07-07,IN
3859,Patricia Davis,customer3859@example.com,Consumer,2022-11-13,FR
3860,Olivia Brown,customer3860@example.com,Consumer,2022-11-23,IN
3861,Karen Davis,customer3861@example.com,Consumer,2022-04-08,JP
3862,Isabella Brown,customer3862@example.com,Enterprise,2022-11-23,FR
3863,Sophia Martinez,customer3863@example.com,SMB,2023-11-26,CA
3864,David Hernandez,customer3864@example.com,Consumer,2021-04-14,US
3865,Sophia Thomas,customer3865@example.com,Consumer,2024-08-31,KR
3866,Linda Jackson,customer3866@example.com,Enterprise,2020-03-15,CA
3867,Olivia Martinez,customer3867@example.com,Enterprise,2023-05-25,DE
3868,Karen Wilson,customer3868@example.com,SMB,2021-05-21,AU
3869,Sophia Martinez,customer3869@example.com,Consumer,2024-10-20,AU
3870,Amelia Davis,customer3870@example.com,Enterprise,2023-05-11,FR
3871,Amelia Davis,customer3871@example.com,Consumer,2023-03-05,FR
3872,John Moore,customer3872@example.com,Consumer,2020-03-09,DE
3873,Robert Jones,customer3873@example.com,Consumer,2020-06-06,US
3874,Sarah Jackson,customer3874@example.com,Enterprise,2020-02-09,JP
3875,James Thomas,customer3875@example.com,Enterprise,2023-05-17,KR
3876,John Garcia,customer3876@example.com,SMB,2023-03-27,AU
3877,Michael Moore,customer3877@example.com,Enterprise,2022-02-16,AU
3878,Isabella Gonzalez,customer3878@example.com,SMB,2023-02-15,CA
3879,Amelia Smith,customer3879@example.com,Enterprise,2020-05-09,AU
3880,Jennifer Jackson,customer3880@example.com,Enterprise,2023-04-02,UK
3881,Mary Johnson,customer3881@example.com,Enterprise,2022-06-24,FR
3882,Isabella Wilson,customer3882@example.com,Enterprise,2020-04-11,KR
3883,Jennifer Jones,customer3883@example.com,SMB,2024-07-12,CA
3884,Linda Garcia,customer3884@example.com,Consumer,2024-11-07,JP
3885,Michael Smith,customer3885@example.com,SMB,2024-02-01,DE
3886,Barbara Lopez,customer3886@example.com,SMB,2024-01-21,CA
3887,Amelia Taylor,customer3887@example.com,Enterprise,2020-04-20,CA
3888,Mary Taylor,customer3888@example.com,SMB,2023-05-25,DE
3889,James Brown,customer3889@example.com,Consumer,2023-06-14,FR
3890,Ava Davis,customer3890@example.com,SMB,2021-08-13,BR
3891,Thomas Garcia,customer3891@example.com,Enterprise,2020-07-13,UK
3892,Michael Martinez,customer3892@example.com,Enterprise,2020-12-08,CA
3893,Sarah Miller,customer3893@example.com,Consumer,2021-06-13,AU
3894,Ava Smith,customer3894@example.com,Consumer,2024-06-29,IN
3895,Jennifer Wilson,customer3895@example.com,Enterprise,2024-07-03,AU
3896,Robert Hernandez,customer3896@example.com,SMB,2023-11-22,BR
3897,Joseph Hernandez,customer3897@example.com,Enterprise,2022-09-04,DE
3898,Ava Davis,customer3898@example.com,Consumer,2023-07-30,KR
3899,David Lopez,customer3899@example.com,Enterprise,2022-01-08,CA
3900,Emma Williams,customer3900@example.com,Enterprise,2024-06-09,IN
3901,Robert Williams,customer3901@example.com,Enterprise,2020-09-17,JP
3902,Patricia Anderson,customer3902@example.com,SMB,2020-12-11,KR
3903,Liam Anderson,customer3903@example.com,SMB,2023-10-03,US
3904,Liam Miller,customer3904@example.com,Consumer,2022-06-18,DE
3905,Isabella Brown,customer3905@example.com,Enterprise,2020-05-07,FR
3906,Jennifer Miller,customer3906@example.com,Enterprise,2022-03-20,DE
3907,Linda Brown,customer3907@example.com,SMB,2021-05-28,CA
3908,Barbara Johnson,customer3908@example.com,Consumer,2023-02-06,BR
3909,Robert Martin,customer3909@example.com,Enterprise,2022-09-17,AU
3910,Charlotte Anderson,customer3910@example.com,Consumer,2020-04-13,UK
3911,Barbara Wilson,customer3911@example.com,Consumer,2024-02-06,JP
3912,Ava Jackson,customer3912@example.com,Consumer,2022-08-01,JP
3913,Charlotte Hernandez,customer3913@example.com,Enterprise,2020-03-30,JP
3914,Christopher Williams,customer3914@example.com,Enterprise,2022-01-26,CA
3915,Susan Thomas,customer3915@example.com,Enterprise,2023-09-30,KR
3916,Jessica Garcia,customer3916@example.com,Enterprise,2020-03-11,UK
3917,Michael Johnson,customer3917@example.com,Consumer,2021-08-16,IN
3918,Richard Moore,customer3918@example.com,SMB,2021-07-07,KR
3919,William Garcia,customer3919@example.com,Consumer,2020-06-19,IN
3920,Richard Johnson,customer3920@example.com,Consumer,2021-05-07,IN
3921,Elizabeth Martinez,customer3921@example.com,Enterprise,2024-08-17,BR
3922,Barbara Miller,customer3922@example.com,SMB,2022-04-08,JP
3923,Richard Hernandez,customer3923@example.com,Enterprise,2024-06-30,UK
3924,Mia Jackson,customer3924@example.com,Enterprise,2024-01-13,JP
3925,Isabella Jackson,customer3925@example.com,Consumer,2023-07-10,FR
3926,Thomas Gonzalez,customer3926@example.com,Consumer,2024-07-08,JP
3927,William Lopez,customer3927@example.com,Enterprise,2021-05-11,UK
3928,William Garcia,customer3928@example.com,Enterprise,2020-12-24,DE
3929,William Davis,customer3929@example.com,Enterprise,2020-10-14,JP
3930,Richard Williams,customer3930@example.com,SMB,2021-03-31,CA
3931,Elizabeth Martin,customer3931@example.com,Consumer,2022-07-30,US
3932,Richard Hernandez,customer3932@example.com,Enterprise,2020-05-29,IN
3933,Jennifer Miller,customer3933@example.com,SMB,2024-09-28,CA
3934,Liam Martinez,customer3934@example.com,SMB,2024-05-19,DE
3935,Thomas Moore,customer3935@example.com,Consumer,2021-10-29,FR
3936,John Gonzalez,customer3936@example.com,SMB,2020-09-06,DE
3937,John Brown,customer3937@example.com,Consumer,2023-05-23,AU
3938,William Williams,customer3938@example.com,Consumer,2020-11-18,JP
3939,Christopher Hernandez,customer3939@example.com,Consumer,2021-10-11,FR
3940,James Martinez,customer3940@example.com,SMB,2022-12-22,IN
3941,Sarah Jones,customer3941@example.com,Consumer,2023-11-05,JP
3942,Jennifer Gonzalez,customer3942@example.com,SMB,2021-01-12,UK
3943,Thomas Brown,customer3943@example.com,Enterprise,2022-06-09,UK
3944,Mary Davis,customer3944@example.com,Consumer,2021-08-07,JP
3945,Jessica Gonzalez,customer3945@example.com,SMB,2021-02-23,KR
3946,Jennifer Garcia,customer3946@example.com,Consumer,2024-04-22,CA
3947,Mia Martin,customer3947@example.com,SMB,2020-11-27,AU
3948,Michael Thomas,customer3948@example.com,Enterprise,2023-06-15,JP
3949,Liam Johnson,customer3949@example.com,SMB,2024-05-18,DE
3950,Mary Jackson,customer3950@example.com,Consumer,2021-12-11,FR
3951,William Lopez,customer3951@example.com,SMB,2021-03-12,FR
3952,Noah Williams,customer3952@example.com,SMB,2024-11-04,CA
3953,Barbara Garcia,customer3953@example.com,SMB,2023-12-10,US
3954,Richard Anderson,customer3954@example.com,Consumer,2021-05-02,KR
3955,Thomas Wilson,customer3955@example.com,Consumer,2022-05-23,AU
3956,Noah Anderson,customer3956@example.com,Enterprise,2022-01-27,UK
3957,Ava Jackson,customer3957@example.com,Enterprise,2024-12-13,US
3958,Elizabeth Williams,customer3958@example.com,Enterprise,2020-10-16,DE
3959,John Jackson,customer3959@example.com,SMB,2024-01-21,JP
3960,Susan Anderson,customer3960@example.com,Enterprise,2022-04-22,BR
3961,Linda Taylor,customer3961@example.com,Enterprise,2024-04-29,BR
3962,Barbara Williams,customer3962@example.com,SMB,2021-06-18,AU
3963,Emma Williams,customer3963@example.com,Consumer,2022-06-18,US
3964,Liam Hernandez,customer3964@example.com,Consumer,2022-05-15,CA
3965,Emma Hernandez,customer3965@example.com,Consumer,2021-04-21,KR
3966,Karen Miller,customer3966@example.com,Consumer,2020-06-18,BR
3967,Patricia Martin,customer3967@example.com,Consumer,2021-02-08,CA
3968,Elizabeth Jackson,customer3968@example.com,Enterprise,2021-02-12,DE
3969,Susan Taylor,customer3969@example.com,SMB,2021-08-30,UK
3970,Mary Smith,customer3970@example.com,SMB,2020-04-28,AU
3971,Charlotte Gonzalez,customer3971@example.com,Consumer,2022-01-08,AU
3972,Thomas Thomas,customer3972@example.com,Consumer,2024-08-16,KR
3973,Emma Brown,customer3973@example.com,Consumer,2022-09-13,JP
3974,Robert Smith,customer3974@example.com,SMB,2022-03-25,CA
3975,Linda Lopez,customer3975@example.com,SMB,2022-08-18,UK
3976,Michael Miller,customer3976@example.com,Consumer,2021-07-04,AU
3977,Robert Thomas,customer3977@example.com,Enterprise,2022-05-03,DE
3978,Isabella Wilson,customer3978@example.com,Consumer,2022-05-27,DE
3979,Mary Taylor,customer3979@example.com,Consumer,2024-08-16,DE
3980,Mary Williams,customer3980@example.com,Consumer,2023-06-13,AU
3981,Elizabeth Taylor,customer3981@example.com,SMB,2021-01-19,BR
3982,Joseph Moore,customer3982@example.com,Enterprise,2023-01-02,DE
3983,Barbara Lopez,customer3983@example.com,Enterprise,2022-02-22,IN
3984,James Moore,customer3984@example.com,SMB,2020-08-28,CA
3985,Michael Jones,customer3985@example.com,Consumer,2021-07-26,JP
3986,Charlotte Gonzalez,customer3986@example.com,SMB,2022-05-28,AU
3987,Liam Rodriguez,customer3987@example.com,SMB,2020-11-25,JP
3988,Sophia Garcia,customer3988@example.com,SMB,2021-09-30,US
3989,Amelia Jones,customer3989@example.com,SMB,2020-04-28,AU
3990,Elizabeth Davis,customer3990@example.com,SMB,2024-07-07,JP
3991,Elizabeth Jackson,customer3991@example.com,Enterprise,2024-09-23,CA
3992,William Jackson,customer3992@example.com,Consumer,2020-05-06,US
3993,Sarah Thomas,customer3993@example.com,Enterprise,2021-03-21,IN
3994,Mary Taylor,customer3994@example.com,SMB,2023-05-29,DE
3995,Mary Jones,customer3995@example.com,SMB,2023-12-04,US
3996,Sophia Miller,customer3996@example.com,Consumer,2022-04-01,IN
3997,John Miller,customer3997@example.com,Consumer,2021-09-21,US
3998,Emma Miller,customer3998@example.com,Enterprise,2024-06-29,DE
3999,Michael Taylor,customer3999@example.com,Enterprise,2021-01-22,JP
4000,Barbara Taylor,customer4000@example.com,SMB,2022-06-21,UK
4001,Olivia Moore,customer4001@example.com,Enterprise,2024-02-02,KR
4002,Jessica Hernandez,customer4002@example.com,Consumer,2024-10-01,KR
4003,Karen Garcia,customer4003@example.com,SMB,2024-10-15,DE
4004,Patricia Jackson,customer4004@example.com,Enterprise,2021-09-25,FR
4005,David Martin,customer4005@example.com,SMB,2020-01-04,DE
4006,Michael Gonzalez,customer4006@example.com,Consumer,2020-12-22,UK
4007,Sophia Martin,customer4007@example.com,Enterprise,2020-12-31,US
4008,Sophia Rodriguez,customer4008@example.com,SMB,2022-08-17,AU
4009,Isabella Wilson,customer4009@example.com,Enterprise,2022-10-10,BR
4010,Robert Jackson,customer4010@example.com,Enterprise,2020-05-05,KR
4011,Mary Gonzalez,customer4011@example.com,SMB,2023-05-03,IN
4012,Christopher Miller,customer4012@example.com,Consumer,2021-12-18,CA
4013,Jennifer Lopez,customer4013@example.com,Enterprise,2023-01-07,UK
4014,Barbara Brown,customer4014@example.com,SMB,2020-04-16,JP
4015,Robert Jones,customer4015@example.com,Consumer,2024-09-01,IN
4016,Richard Hernandez,customer4016@example.com,Enterprise,2021-12-23,BR
4017,Olivia Johnson,customer4017@example.com,Enterprise,2020-11-11,US
4018,Mia Jones,customer4018@example.com,Enterprise,2023-03-13,IN
4019,Karen Miller,customer4019@example.com,Consumer,2022-01-25,JP
4020,Amelia Thomas,customer4020@example.com,Enterprise,2024-10-14,DE
4021,John Smith,customer4021@example.com,Enterprise,2020-01-08,JP
4022,Charlotte Anderson,customer4022@example.com,SMB,2021-03-10,FR
4023,Liam Wilson,customer4023@example.com,Enterprise,2021-11-23,FR
4024,Jessica Williams,customer4024@example.com,Enterprise,2024-07-02,DE
4025,Mia Taylor,customer4025@example.com,Enterprise,2023-08-03,FR
4026,Jessica Anderson,customer4026@example.com,SMB,2021-09-18,BR
4027,Emma Moore,customer4027@example.com,SMB,2020-08-21,CA
4028,Ava Smith,customer4028@example.com,SMB,2024-08-06,FR
4029,Jennifer Williams,customer4029@example.com,SMB,2021-11-08,KR
4030,Mia Rodriguez,customer4030@example.com,SMB,2022-03-23,IN
4031,Robert Jones,customer4031@example.com,Consumer,2024-09-25,FR
4032,James Taylor,customer4032@example.com,Enterprise,2021-06-19,KR
4033,David Jackson,customer4033@example.com,Consumer,2020-04-30,FR
4034,Joseph Brown,customer4034@example.com,Enterprise,2021-10-13,DE
4035,Sarah Hernandez,customer4035@example.com,Consumer,2024-01-04,AU
4036,Richard Williams,customer4036@example.com,Enterprise,2021-04-22,AU
4037,Isabella Jackson,customer4037@example.com,SMB,2021-01-07,KR
4038,Barbara Smith,customer4038@example.com,SMB,2022-08-26,JP
4039,Joseph Jackson,customer4039@example.com,Enterprise,2023-06-25,UK
4040,William Garcia,customer4040@example.com,Enterprise,2023-08-21,US
4041,James Taylor,customer4041@example.com,Consumer,2020-10-16,UK
4042,Liam Wilson,customer4042@example.com,SMB,2024-08-04,IN
4043,Thomas Wilson,customer4043@example.com,Enterprise,2022-09-24,AU
4044,Mia Garcia,customer4044@example.com,SMB,2022-06-08,UK
4045,Christopher Moore,customer4045@example.com,Enterprise,2023-10-31,AU
4046,Richard Smith,customer4046@example.com,Enterprise,2023-07-10,AU
4047,Susan Hernandez,customer4047@example.com,Consumer,2022-10-18,KR
4048,William Thomas,customer4048@example.com,Enterprise,2020-12-31,FR
4049,Patricia Wilson,customer4049@example.com,SMB,2023-06-14,UK
4050,Christopher Jones,customer4050@example.com,Consumer,2023-10-10,CA
4051,Jessica Williams,customer4051@example.com,Consumer,2022-08-10,US
4052,Michael Rodriguez,customer4052@example.com,SMB,2020-04-07,AU
4053,Sophia Smith,customer4053@example.com,SMB,2024-01-10,IN
4054,Amelia Davis,customer4054@example.com,Enterprise,2023-04-29,UK
4055,Amelia Miller,customer4055@example.com,Consumer,2024-10-22,DE
4056,Emma Wilson,customer4056@example.com,SMB,2022-08-04,BR
4057,Sophia Jackson,customer4057@example.com,Consumer,2020-10-19,FR
4058,Karen Brown,customer4058@example.com,Enterprise,2024-03-09,BR
4059,Christopher Gonzalez,customer4059@example.com,SMB,2021-12-07,IN
4060,Isabella Jones,customer4060@example.com,Enterprise,2021-07-06,IN
4061,Karen Jackson,customer4061@example.com,Consumer,2024-05-19,FR
4062,Liam Gonzalez,customer4062@example.com,Consumer,2022-05-25,KR
4063,Mia Gonzalez,customer4063@example.com,SMB,2020-08-11,CA
4064,Olivia Rodriguez,customer4064@example.com,Consumer,2021-06-18,JP
4065,Michael Davis,customer4065@example.com,SMB,2022-12-07,BR
4066,Jennifer Martinez,customer4066@example.com,Consumer,2024-03-10,KR
4067,David Smith,customer4067@example.com,SMB,2020-12-23,DE
4068,Karen Gonzalez,customer4068@example.com,Enterprise,2022-01-19,KR
4069,Elizabeth Jackson,customer4069@example.com,Consumer,2021-04-26,DE
4070,James Smith,customer4070@example.com,Consumer,2021-10-14,JP
4071,Isabella Martin,customer4071@example.com,Consumer,2023-12-16,JP
4072,William Jackson,customer4072@example.com,Enterprise,2022-09-03,AU
4073,William Davis,customer4073@example.com,Enterprise,2022-05-20,CA
4074,Emma Martinez,customer4074@example.com,SMB,2023-01-17,UK
4075,Jessica Lopez,customer4075@example.com,Consumer,2020-03-10,AU
4076,Sophia Thomas,customer4076@example.com,SMB,2020-03-07,CA
4077,Liam Garcia,customer4077@example.com,SMB,2020-01-04,DE
4078,Ava Rodriguez,customer4078@example.com,SMB,2021-10-22,BR
4079,Amelia Wilson,customer4079@example.com,Consumer,2021-02-13,CA
4080,Liam Thomas,customer4080@example.com,Consumer,2022-11-08,UK
4081,Linda Jones,customer4081@example.com,SMB,2020-09-07,CA
4082,Noah Miller,customer4082@example.com,Consumer,2024-02-08,DE
4083,Jennifer Miller,customer4083@example.com,Consumer,2023-04-11,JP
4084,Michael Moore,customer4084@example.com,Consumer,2020-03-01,IN
4085,Christopher Rodriguez,customer4085@example.com,SMB,2020-03-02,AU
4086,Joseph Davis,customer4086@example.com,Enterprise,2021-09-13,AU
4087,Sophia Martin,customer4087@example.com,SMB,2024-07-14,DE
4088,Patricia Taylor,customer4088@example.com,Consumer,2023-01-15,US
4089,Jessica Lopez,customer4089@example.com,Enterprise,2020-02-20,UK
4090,James Brown,customer4090@example.com,SMB,2023-08-19,KR
4091,William Martin,customer4091@example.com,Enterprise,2022-11-18,IN
4092,Patricia Wilson,customer4092@example.com,Enterprise,2023-07-31,IN
4093,Jessica Lopez,customer4093@example.com,Consumer,2024-10-03,BR
4094,Ava Smith,customer4094@example.com,Enterprise,2022-11-17,IN
4095,William Martin,customer4095@example.com,SMB,2020-06-28,UK
4096,James Hernandez,customer4096@example.com,SMB,2024-05-03,UK
4097,Emma Anderson,customer4097@example.com,Consumer,2021-08-20,DE
4098,Liam Jackson,customer4098@example.com,Consumer,2023-06-23,BR
4099,Christopher Brown,customer4099@example.com,Consumer,2024-02-19,JP
4100,Elizabeth Moore,customer4100@example.com,Enterprise,2020-11-05,KR
4101,Barbara Jackson,customer4101@example.com,Enterprise,2023-04-06,FR
4102,Emma Martinez,customer4102@example.com,SMB,2022-01-25,BR
4103,James Thomas,customer4103@example.com,SMB,2020-08-11,CA
4104,Emma Martin,customer4104@example.com,Consumer,2021-10-07,BR
4105,Linda Williams,customer4105@example.com,Enterprise,2021-04-11,US
4106,Mia Hernandez,customer4106@example.com,Consumer,2023-08-14,KR
4107,Amelia Martin,customer4107@example.com,Consumer,2023-01-21,CA
4108,Ava Hernandez,customer4108@example.com,Consumer,2023-01-02,BR
4109,Charlotte Wilson,customer4109@example.com,SMB,2023-01-23,DE
4110,Sophia Jackson,customer4110@example.com,Enterprise,2022-10-15,BR
4111,Charlotte Davis,customer4111@example.com,SMB,2024-01-05,KR
4112,Noah Jones,customer4112@example.com,SMB,2022-11-21,CA
4113,William Brown,customer4113@example.com,Enterprise,2020-07-31,JP
4114,Noah Moore,customer4114@example.com,SMB,2022-03-12,FR
4115,Christopher Davis,customer4115@example.com,SMB,2022-02-21,JP
4116,William Davis,customer4116@example.com,SMB,2020-11-07,AU
4117,Sophia Hernandez,customer4117@example.com,Enterprise,2022-05-24,DE
4118,Barbara Wilson,customer4118@example.com,Consumer,2024-01-16,JP
4119,Sarah Martin,customer4119@example.com,Enterprise,2020-04-01,DE
4120,Liam Martin,customer4120@example.com,SMB,2023-12-08,US
4121,Thomas Jackson,customer4121@example.com,SMB,2021-03-26,JP
4122,Susan Williams,customer4122@example.com,Consumer,2021-09-15,IN
4123,Mia Rodriguez,customer4123@example.com,Enterprise,2024-03-03,FR
4124,Robert Martinez,customer4124@example.com,SMB,2024-01-08,BR
4125,Thomas Jackson,customer4125@example.com,Consumer,2021-06-26,JP
4126,Amelia Jones,customer4126@example.com,Enterprise,2023-05-04,UK
4127,Mia Lopez,customer4127@example.com,Consumer,2024-05-22,BR
4128,Jessica Miller,customer4128@example.com,Enterprise,2024-11-02,DE
4129,Charlotte Jones,customer4129@example.com,Consumer,2024-05-08,DE
4130,Olivia Gonzalez,customer4130@example.com,SMB,2020-06-04,IN
4131,Emma Rodriguez,customer4131@example.com,SMB,2020-05-03,AU
4132,James Brown,customer4132@example.com,Consumer,2022-05-08,US
4133,Jessica Anderson,customer4133@example.com,Consumer,2022-03-01,FR
4134,Ava Gonzalez,customer4134@example.com,SMB,2022-06-03,CA
4135,Sophia Smith,customer4135@example.com,Enterprise,2024-02-20,KR
4136,Sophia Brown,customer4136@example.com,Enterprise,2024-07-25,AU
4137,Ava Wilson,customer4137@example.com,Enterprise,2024-03-01,CA
4138,Jennifer Miller,customer4138@example.com,SMB,2022-01-07,KR
4139,Liam Jackson,customer4139@example.com,Enterprise,2023-04-29,AU
4140,Noah Miller,customer4140@example.com,Enterprise,2022-07-28,JP
4141,Isabella Thomas,customer4141@example.com,SMB,2023-02-12,BR
4142,David Garcia,customer4142@example.com,Consumer,2023-10-08,AU
4143,Noah Hernandez,customer4143@example.com,SMB,2022-11-25,JP
4144,James Johnson,customer4144@example.com,Enterprise,2024-07-06,AU
4145,Sophia Gonzalez,customer4145@example.com,Enterprise,2022-04-16,IN
4146,Christopher Jackson,customer4146@example.com,SMB,2021-04-23,FR
4147,Ava Martin,customer4147@example.com,SMB,2023-06-07,UK
4148,Michael Brown,customer4148@example.com,Enterprise,2023-10-28,KR
4149,Michael Garcia,customer4149@example.com,Enterprise,2021-11-10,KR
4150,Noah Hernandez,customer4150@example.com,SMB,2021-07-25,UK
4151,Christopher Hernandez,customer4151@example.com,Consumer,2022-04-25,KR
4152,Mary Brown,customer4152@example.com,Enterprise,2024-12-06,JP
4153,John Davis,customer4153@example.com,Consumer,2022-08-23,CA
4154,David Anderson,customer4154@example.com,Consumer,2024-01-17,DE
4155,Sarah Moore,customer4155@example.com,SMB,2024-09-10,FR
4156,James Brown,customer4156@example.com,SMB,2022-05-04,BR
4157,Mary Lopez,customer4157@example.com,Consumer,2020-09-30,JP
4158,Richard Lopez,customer4158@example.com,Enterprise,2023-12-20,BR
4159,Charlotte Williams,customer4159@example.com,SMB,2020-11-09,IN
4160,Joseph Gonzalez,customer4160@example.com,SMB,2022-04-07,KR
4161,Amelia Moore,customer4161@example.com,Enterprise,2021-12-12,US
4162,Sophia Jones,customer4162@example.com,Enterprise,2021-01-25,US
4163,Karen Gonzalez,customer4163@example.com,Enterprise,2020-02-06,JP
4164,Linda Wilson,customer4164@example.com,SMB,2024-10-05,US
4165,Charlotte Garcia,customer4165@example.com,Consumer,2023-07-02,IN
4166,Emma Martin,customer4166@example.com,Enterprise,2023-02-02,IN
4167,John Miller,customer4167@example.com,Enterprise,2022-03-27,IN
4168,Linda Garcia,customer4168@example.com,Consumer,2022-11-28,AU
4169,David Hernandez,customer4169@example.com,Enterprise,2023-03-06,FR
4170,Michael Brown,customer4170@example.com,SMB,2020-10-24,US
4171,Thomas Jones,customer4171@example.com,Enterprise,2022-09-25,US
4172,Linda Martin,customer4172@example.com,Enterprise,2024-06-22,JP
4173,Jennifer Martin,customer4173@example.com,SMB,2020-12-22,IN
4174,Sarah Davis,customer4174@example.com,Enterprise,2022-12-23,US
4175,Mary Smith,customer4175@example.com,Consumer,2020-01-19,FR
4176,Charlotte Jones,customer4176@example.com,Enterprise,2021-03-30,KR
4177,Karen Lopez,customer4177@example.com,Enterprise,2020-11-16,US
4178,Isabella Thomas,customer4178@example.com,SMB,2020-04-22,AU
4179,John Williams,customer4179@example.com,Consumer,2022-04-06,DE
4180,Mia Davis,customer4180@example.com,Consumer,2024-01-04,IN
4181,Thomas Jones,customer4181@example.com,Consumer,2023-11-08,UK
4182,Patricia Williams,customer4182@example.com,Enterprise,2024-10-10,BR
4183,John Williams,customer4183@example.com,SMB,2024-12-16,AU
4184,William Lopez,customer4184@example.com,Consumer,2020-11-06,FR
4185,Joseph Jackson,customer4185@example.com,Enterprise,2024-03-04,CA
4186,Linda Garcia,customer4186@example.com,Consumer,2024-01-26,JP
4187,Noah Martin,customer4187@example.com,Consumer,2022-04-15,DE
4188,Robert Miller,customer4188@example.com,Enterprise,2024-05-29,UK
4189,Mia Garcia,customer4189@example.com,SMB,2020-08-30,JP
4190,Emma Gonzalez,customer4190@example.com,Enterprise,2024-05-12,DE
4191,Susan Rodriguez,customer4191@example.com,SMB,2020-06-17,BR
4192,Thomas Anderson,customer4192@example.com,Consumer,2022-03-19,US
4193,Susan Rodriguez,customer4193@example.com,Consumer,2022-11-22,DE
4194,Christopher Johnson,customer4194@example.com,SMB,2024-08-28,JP
4195,Sophia Wilson,customer4195@example.com,Enterprise,2023-01-08,KR
4196,William Garcia,customer4196@example.com,SMB,2022-05-03,FR
4197,Thomas Garcia,customer4197@example.com,SMB,2023-12-03,CA
4198,Mia Rodriguez,customer4198@example.com,Enterprise,2023-10-25,UK
4199,Linda Gonzalez,customer4199@example.com,Enterprise,2024-10-23,DE
4200,Noah Jones,customer4200@example.com,SMB,2021-05-22,AU
4201,Amelia Davis,customer4201@example.com,SMB,2020-12-20,BR
4202,Susan Thomas,customer4202@example.com,Enterprise,2023-12-26,KR
4203,Patricia Garcia,customer4203@example.com,Consumer,2021-12-03,BR
4204,Isabella Lopez,customer4204@example.com,Consumer,2024-06-18,US
4205,Barbara Martin,customer4205@example.com,Enterprise,2021-11-12,JP
4206,Joseph Davis,customer4206@example.com,Consumer,2020-04-25,IN
4207,Olivia Davis,customer4207@example.com,Enterprise,2022-12-31,FR
4208,Mary Jones,customer4208@example.com,Consumer,2022-04-30,US
4209,Thomas Martinez,customer4209@example.com,Consumer,2020-03-20,KR
4210,Isabella Miller,customer4210@example.com,Enterprise,2020-06-22,IN
4211,James Williams,customer4211@example.com,SMB,2021-12-24,FR
4212,Emma Miller,customer4212@example.com,Enterprise,2020-01-20,IN
4213,Thomas Smith,customer4213@example.com,Consumer,2022-02-06,DE
4214,Richard Smith,customer4214@example.com,Enterprise,2021-01-15,CA
4215,Ava Brown,customer4215@example.com,SMB,2023-02-10,AU
4216,Thomas Jones,customer4216@example.com,SMB,2022-02-28,US
4217,Emma Thomas,customer4217@example.com,SMB,2024-01-01,JP
4218,Sarah Taylor,customer4218@example.com,SMB,2021-07-12,IN
4219,Michael Lopez,customer4219@example.com,SMB,2024-10-13,US
4220,Liam Brown,customer4220@example.com,Consumer,2022-12-28,CA
4221,Olivia Hernandez,customer4221@example.com,Consumer,2024-01-27,IN
4222,John Thomas,customer4222@example.com,Enterprise,2024-03-07,JP
4223,Joseph Jones,customer4223@example.com,Enterprise,2024-12-18,CA
4224,Richard Martin,customer4224@example.com,Consumer,2020-01-20,US
4225,Jessica Martin,customer4225@example.com,Enterprise,2022-12-08,IN
4226,William Martinez,customer4226@example.com,Enterprise,2024-09-09,US
4227,John Wilson,customer4227@example.com,Enterprise,2020-10-09,BR
4228,Jennifer Davis,customer4228@example.com,SMB,2022-03-16,DE
4229,Karen Jones,customer4229@example.com,Consumer,2022-11-27,DE
4230,Sophia Garcia,customer4230@example.com,SMB,2023-07-24,US
4231,Sophia Hernandez,customer4231@example.com,Enterprise,2020-06-10,JP
4232,Richard Garcia,customer4232@example.com,Consumer,2024-09-05,JP
4233,Olivia Moore,customer4233@example.com,Consumer,2020-07-01,US
4234,Amelia Martin,customer4234@example.com,Consumer,2022-12-04,CA
4235,Richard Davis,customer4235@example.com,SMB,2023-05-31,FR
4236,Michael Williams,customer4236@example.com,Enterprise,2024-05-21,DE
4237,James Rodriguez,customer4237@example.com,SMB,2023-01-26,KR
4238,Thomas Thomas,customer4238@example.com,Consumer,2020-05-23,US
4239,Jennifer Lopez,customer4239@example.com,SMB,2023-02-04,BR
4240,Joseph Smith,customer4240@example.com,Consumer,2023-10-29,DE
4241,Olivia Garcia,customer4241@example.com,Enterprise,2022-03-22,BR
4242,Amelia Martin,customer4242@example.com,Consumer,2024-12-08,KR
4243,Charlotte Martin,customer4243@example.com,Enterprise,2020-05-23,CA
4244,Mary Martin,customer4244@example.com,Enterprise,2023-01-03,DE
4245,Jennifer Johnson,customer4245@example.com,SMB,2024-05-12,DE
4246,Jennifer Miller,customer4246@example.com,SMB,2020-12-27,BR
4247,Christopher Martin,customer4247@example.com,Consumer,2020-12-15,CA
4248,Sarah Davis,customer4248@example.com,SMB,2022-12-08,DE
4249,William Martin,customer4249@example.com,Enterprise,2021-07-27,US
4250,Susan Davis,customer4250@example.com,SMB,2020-08-08,JP
4251,Olivia Davis,customer4251@example.com,Consumer,2023-03-29,JP
4252,Jessica Wilson,customer4252@example.com,Enterprise,2021-11-06,DE
4253,Jennifer Thomas,customer4253@example.com,Enterprise,2024-04-13,DE
4254,Sarah Garcia,customer4254@example.com,Enterprise,2023-11-07,KR
4255,David Wilson,customer4255@example.com,SMB,2024-03-28,BR
4256,Sophia Rodriguez,customer4256@example.com,Consumer,2023-07-03,KR
4257,Christopher Thomas,customer4257@example.com,SMB,2023-08-12,KR
4258,Mary Martin,customer4258@example.com,Enterprise,2021-01-22,IN
4259,Amelia Martinez,customer4259@example.com,Enterprise,2020-12-09,US
4260,Sarah Brown,customer4260@example.com,Consumer,2021-09-22,BR
4261,William Lopez,customer4261@example.com,SMB,2021-04-17,JP
4262,Patricia Moore,customer4262@example.com,Enterprise,2023-10-18,CA
4263,Linda Martinez,customer4263@example.com,Enterprise,2021-07-06,UK
4264,Liam Taylor,customer4264@example.com,Enterprise,2021-04-06,BR
4265,David Rodriguez,customer4265@example.com,Enterprise,2022-10-14,IN
4266,Robert Garcia,customer4266@example.com,Enterprise,2023-10-17,BR
4267,Amelia Taylor,customer4267@example.com,Consumer,2022-06-06,BR
4268,Patricia Johnson,customer4268@example.com,Consumer,2020-01-31,FR
4269,James Gonzalez,customer4269@example.com,Enterprise,2022-02-28,BR
4270,Jessica Martinez,customer4270@example.com,Enterprise,2024-12-16,US
4271,Elizabeth Moore,customer4271@example.com,Consumer,2020-05-03,AU
4272,Christopher Jones,customer4272@example.com,Enterprise,2020-03-11,US
4273,Jennifer Hernandez,customer4273@example.com,Enterprise,2023-09-20,AU
4274,Isabella Taylor,customer4274@example.com,SMB,2023-01-27,JP
4275,Noah Brown,customer4275@example.com,SMB,2024-10-09,KR
4276,Isabella Smith,customer4276@example.com,SMB,2024-07-16,DE
4277,Karen Brown,customer4277@example.com,SMB,2024-01-04,CA
4278,Robert Brown,customer4278@example.com,Consumer,2023-09-23,UK
4279,Emma Wilson,customer4279@example.com,SMB,2023-03-01,KR
4280,Liam Johnson,customer4280@example.com,Enterprise,2022-01-08,IN
4281,Robert Hernandez,customer4281@example.com,Enterprise,2020-01-26,US
4282,Noah Taylor,customer4282@example.com,SMB,2022-02-08,KR
4283,Emma Gonzalez,customer4283@example.com,Consumer,2021-08-31,JP
4284,Ava Hernandez,customer4284@example.com,Enterprise,2023-05-09,JP
4285,Robert Martin,customer4285@example.com,Consumer,2023-06-03,KR
4286,Karen Taylor,customer4286@example.com,SMB,2020-03-03,AU
4287,Barbara Johnson,customer4287@example.com,SMB,2020-08-20,BR
4288,Susan Hernandez,customer4288@example.com,Enterprise,2023-10-07,UK
4289,Jessica Taylor,customer4289@example.com,Enterprise,2024-08-14,UK
4290,Susan Davis,customer4290@example.com,Consumer,2022-07-15,DE
4291,Noah Martinez,customer4291@example.com,SMB,2022-06-19,KR
4292,Christopher Davis,customer4292@example.com,SMB,2023-11-16,FR
4293,William Anderson,customer4293@example.com,SMB,2022-07-07,UK
4294,Olivia Williams,customer4294@example.com,SMB,2024-01-31,KR
4295,Charlotte Moore,customer4295@example.com,Consumer,2024-04-12,FR
4296,Barbara Smith,customer4296@example.com,SMB,2024-09-11,CA
4297,Olivia Martin,customer4297@example.com,Enterprise,2022-12-21,KR
4298,Robert Thomas,customer4298@example.com,Enterprise,2024-04-04,CA
4299,Karen Hernandez,customer4299@example.com,Enterprise,2024-04-19,FR
4300,Jennifer Miller,customer4300@example.com,Consumer,2024-11-13,JP
4301,Amelia Rodriguez,customer4301@example.com,SMB,2020-07-22,DE
4302,Charlotte Wilson,customer4302@example.com,Enterprise,2020-12-23,CA
4303,Robert Rodriguez,customer4303@example.com,SMB,2024-05-01,AU
4304,Noah Garcia,customer4304@example.com,SMB,2020-09-29,JP
4305,Robert Martin,customer4305@example.com,Consumer,2023-01-27,CA
4306,Mia Taylor,customer4306@example.com,Consumer,2021-01-17,JP
4307,Charlotte Jones,customer4307@example.com,SMB,2022-12-23,US
4308,Linda Martinez,customer4308@example.com,Consumer,2024-07-13,DE
4309,Sophia Anderson,customer4309@example.com,Consumer,2022-09-08,US
4310,Joseph Jones,customer4310@example.com,SMB,2024-12-29,BR
4311,Susan Smith,customer4311@example.com,Enterprise,2022-05-21,KR
4312,John Miller,customer4312@example.com,SMB,2020-08-09,FR
4313,Olivia Martin,customer4313@example.com,Enterprise,2021-03-02,JP
4314,James Martinez,customer4314@example.com,SMB,2024-09-28,IN
4315,Olivia Hernandez,customer4315@example.com,Enterprise,2023-06-23,CA
4316,Patricia Moore,customer4316@example.com,SMB,2023-05-29,IN
4317,John Lopez,customer4317@example.com,SMB,2021-01-05,JP
4318,Sophia Thomas,customer4318@example.com,Consumer,2023-04-03,IN
4319,Patricia Anderson,customer4319@example.com,Enterprise,2020-12-16,JP
4320,Mia Rodriguez,customer4320@example.com,Enterprise,2023-04-29,IN
4321,Susan Moore,customer4321@example.com,SMB,2024-11-21,UK
4322,Mary Wilson,customer4322@example.com,SMB,2020-10-08,IN
4323,Thomas Jackson,customer4323@example.com,Consumer,2020-03-01,FR
4324,Joseph Hernandez,customer4324@example.com,SMB,2022-10-16,FR
4325,Amelia Martinez,customer4325@example.com,Consumer,2023-10-27,IN
4326,Elizabeth Miller,customer4326@example.com,Consumer,2023-01-30,US
4327,John Jackson,customer4327@example.com,Enterprise,2020-09-20,KR
4328,Jennifer Gonzalez,customer4328@example.com,SMB,2020-07-17,BR
4329,Patricia Brown,customer4329@example.com,SMB,2023-05-11,DE
4330,Patricia Taylor,customer4330@example.com,SMB,2024-07-02,FR
4331,Michael Martinez,customer4331@example.com,Enterprise,2023-10-24,JP
4332,Christopher Gonzalez,customer4332@example.com,Consumer,2023-08-25,AU
4333,Susan Anderson,customer4333@example.com,Consumer,2024-02-14,UK
4334,Mia Lopez,customer4334@example.com,SMB,2021-05-02,KR
4335,Patricia Martinez,customer4335@example.com,Enterprise,2022-02-15,BR
4336,Karen Johnson,customer4336@example.com,Enterprise,2024-03-24,FR
4337,Elizabeth Johnson,customer4337@example.com,Consumer,2022-05-18,CA
4338,Ava Taylor,customer4338@example.com,SMB,2022-02-05,BR
4339,David Martinez,customer4339@example.com,SMB,2021-08-24,BR
4340,Jessica Williams,customer4340@example.com,SMB,2020-02-27,US
4341,Susan Lopez,customer4341@example.com,SMB,2020-06-21,KR
4342,Michael Brown,customer4342@example.com,Enterprise,2023-12-03,BR
4343,Elizabeth Brown,customer4343@example.com,SMB,2021-07-30,US
4344,David Smith,customer4344@example.com,SMB,2022-05-10,BR
4345,Mary Smith,customer4345@example.com,Consumer,2023-05-03,US
4346,Ava Brown,customer4346@example.com,Consumer,2020-11-27,UK
4347,William Martinez,customer4347@example.com,Consumer,2023-05-21,US
4348,Sophia Rodriguez,customer4348@example.com,Enterprise,2020-06-07,JP
4349,Robert Williams,customer4349@example.com,SMB,2022-01-19,BR
4350,Olivia Smith,customer4350@example.com,Consumer,2020-06-23,JP
4351,Susan Taylor,customer4351@example.com,Enterprise,2023-02-18,BR
4352,Linda Jackson,customer4352@example.com,SMB,2024-07-20,BR
4353,Isabella Garcia,customer4353@example.com,SMB,2024-07-07,UK
4354,Richard Jackson,customer4354@example.com,SMB,2023-01-18,KR
4355,David Martinez,customer4355@example.com,SMB,2024-04-04,CA
4356,Richard Brown,customer4356@example.com,Enterprise,2023-10-28,DE
4357,Michael Anderson,customer4357@example.com,Enterprise,2023-05-20,AU
4358,James Rodriguez,customer4358@example.com,Consumer,2023-07-17,FR
4359,Isabella Martinez,customer4359@example.com,Consumer,2023-04-09,US
4360,Michael Hernandez,customer4360@example.com,Consumer,2022-11-23,FR
4361,Karen Lopez,customer4361@example.com,Enterprise,2020-01-15,US
4362,Ava Martin,customer4362@example.com,SMB,2020-05-17,FR
4363,Sarah Hernandez,customer4363@example.com,Consumer,2023-11-13,DE
4364,Emma Garcia,customer4364@example.com,Consumer,2023-08-21,US
4365,Jessica Hernandez,customer4365@example.com,Consumer,2023-06-02,BR
4366,Jennifer Anderson,customer4366@example.com,Consumer,2022-06-19,KR
4367,Noah Martin,customer4367@example.com,Enterprise,2021-02-26,FR
4368,Jessica Smith,customer4368@example.com,Consumer,2022-11-06,US
4369,John Rodriguez,customer4369@example.com,SMB,2022-05-20,US
4370,Mary Rodriguez,customer4370@example.com,Consumer,2020-04-08,DE
4371,Liam Jackson,customer4371@example.com,Consumer,2020-05-11,KR
4372,Robert Jackson,customer4372@example.com,SMB,2023-11-22,DE
4373,Susan Smith,customer4373@example.com,Enterprise,2022-05-19,IN
4374,Charlotte Anderson,customer4374@example.com,Enterprise,2023-09-09,KR
4375,James Taylor,customer4375@example.com,SMB,2022-04-26,JP
4376,Richard Moore,customer4376@example.com,Enterprise,2023-03-31,US
4377,William Rodriguez,customer4377@example.com,SMB,2024-10-16,FR
4378,Karen Hernandez,customer4378@example.com,Consumer,2020-04-22,DE
4379,Christopher Moore,customer4379@example.com,Consumer,2024-01-28,JP
4380,Barbara Anderson,customer4380@example.com,Enterprise,2021-08-17,UK
4381,Jessica Johnson,customer4381@example.com,Enterprise,2021-05-07,DE
4382,Emma Thomas,customer4382@example.com,SMB,2023-12-30,CA
4383,Jessica Davis,customer4383@example.com,Consumer,2023-01-07,FR
4384,John Johnson,customer4384@example.com,Enterprise,2023-05-27,JP
4385,David Brown,customer4385@example.com,Enterprise,2023-03-05,DE
4386,Emma Miller,customer4386@example.com,Consumer,2020-05-24,BR
4387,Mia Martinez,customer4387@example.com,Consumer,2024-04-15,AU
4388,Sophia Miller,customer4388@example.com,Enterprise,2020-05-19,AU
4389,Emma Anderson,customer4389@example.com,Consumer,2024-07-13,UK
4390,David Lopez,customer4390@example.com,SMB,2021-05-01,CA
4391,Liam Martinez,customer4391@example.com,Enterprise,2021-12-12,US
4392,Susan Williams,customer4392@example.com,SMB,2022-04-27,UK
4393,Jessica Garcia,customer4393@example.com,Consumer,2022-04-10,UK
4394,Michael Garcia,customer4394@example.com,Consumer,2020-12-22,JP
4395,Liam Johnson,customer4395@example.com,Consumer,2024-05-08,BR
4396,Isabella Smith,customer4396@example.com,Consumer,2024-03-06,BR
4397,Noah Williams,customer4397@example.com,SMB,2020-02-11,KR
4398,Robert Smith,customer4398@example.com,Enterprise,2024-04-30,US
4399,Christopher Miller,customer4399@example.com,Enterprise,2023-11-24,FR
4400,William Hernandez,customer4400@example.com,Enterprise,2020-06-01,UK
4401,Thomas Martinez,customer4401@example.com,Enterprise,2023-01-29,IN
4402,Isabella Anderson,customer4402@example.com,Enterprise,2024-02-27,FR
4403,Michael Williams,customer4403@example.com,Consumer,2020-05-04,CA
4404,Olivia Martinez,customer4404@example.com,Enterprise,2022-04-17,AU
4405,David Davis,customer4405@example.com,Enterprise,2023-09-27,BR
4406,David Jones,customer4406@example.com,Consumer,2022-06-02,DE
4407,Jessica Taylor,customer4407@example.com,Enterprise,2023-09-05,IN
4408,Robert Garcia,customer4408@example.com,SMB,2020-03-06,CA
4409,Isabella Hernandez,customer4409@example.com,SMB,2022-09-24,FR
4410,Elizabeth Thomas,customer4410@example.com,Consumer,2022-02-16,DE
4411,Barbara Davis,customer4411@example.com,Consumer,2023-09-09,IN
4412,Charlotte Thomas,customer4412@example.com,SMB,2024-03-10,CA
4413,Sophia Johnson,customer4413@example.com,SMB,2023-10-21,DE
4414,Ava Brown,customer4414@example.com,Consumer,2022-08-23,AU
4415,William Miller,customer4415@example.com,SMB,2024-12-27,CA
4416,Sophia Taylor,customer4416@example.com,SMB,2024-01-15,UK
4417,Isabella Brown,customer4417@example.com,Consumer,2020-03-27,US
4418,Richard Miller,customer4418@example.com,Consumer,2023-06-14,BR
4419,Christopher Johnson,customer4419@example.com,SMB,2023-07-25,AU
4420,Linda Brown,customer4420@example.com,Consumer,2023-10-08,IN
4421,David Miller,customer4421@example.com,SMB,2022-07-04,US
4422,Liam Thomas,customer4422@example.com,SMB,2020-09-09,JP
4423,Jennifer Taylor,customer4423@example.com,Enterprise,2021-08-14,BR
4424,Thomas Taylor,customer4424@example.com,Consumer,2020-05-22,UK
4425,Mia Jones,customer4425@example.com,SMB,2021-04-07,CA
4426,Linda Gonzalez,customer4426@example.com,Enterprise,2021-04-30,AU
4427,Mia Wilson,customer4427@example.com,Consumer,2021-11-28,BR
4428,John Hernandez,customer4428@example.com,Consumer,2021-09-23,FR
4429,David Taylor,customer4429@example.com,SMB,2021-09-14,UK
4430,James Martin,customer4430@example.com,Enterprise,2022-04-17,JP
4431,Mary Smith,customer4431@example.com,Enterprise,2023-06-14,DE
4432,Sophia Martinez,customer4432@example.com,Consumer,2024-09-07,US
4433,Emma Jones,customer4433@example.com,SMB,2022-07-20,AU
4434,Isabella Garcia,customer4434@example.com,Enterprise,2023-10-31,UK
4435,John Jones,customer4435@example.com,Consumer,2020-03-26,FR
4436,Mia Anderson,customer4436@example.com,SMB,2022-01-29,KR
4437,Patricia Jones,customer4437@example.com,Enterprise,2021-08-14,IN
4438,Sophia Brown,customer4438@example.com,Enterprise,2023-07-04,UK
4439,Christopher Rodriguez,customer4439@example.com,SMB,2022-12-13,CA
4440,Robert Taylor,customer4440@example.com,Enterprise,2020-03-30,IN
4441,Joseph Taylor,customer4441@example.com,SMB,2022-12-05,JP
4442,Emma Lopez,customer4442@example.com,Consumer,2024-03-31,KR
4443,Patricia Jones,customer4443@example.com,Enterprise,2020-08-26,AU
4444,Karen Jones,customer4444@example.com,SMB,2020-05-27,UK
4445,Joseph Miller,customer4445@example.com,Consumer,2020-04-12,KR
4446,Amelia Jones,customer4446@example.com,Enterprise,2023-02-07,DE
4447,Karen Wilson,customer4447@example.com,Enterprise,2020-12-13,UK
4448,Isabella Williams,customer4448@example.com,Consumer,2022-10-31,AU
4449,Charlotte Williams,customer4449@example.com,Enterprise,2021-07-05,KR
4450,Barbara Williams,customer4450@example.com,SMB,2021-10-22,BR
4451,Elizabeth Garcia,customer4451@example.com,SMB,2022-03-12,AU
4452,Sarah Rodriguez,customer4452@example.com,SMB,2020-05-25,BR
4453,Richard Martin,customer4453@example.com,Enterprise,2020-11-20,DE
4454,Barbara Martin,customer4454@example.com,SMB,2022-06-19,CA
4455,Mia Anderson,customer4455@example.com,SMB,2020-04-12,IN
4456,Christopher Moore,customer4456@example.com,SMB,2023-08-06,KR
4457,Robert Rodriguez,customer4457@example.com,SMB,2023-06-02,KR
4458,Ava Williams,customer4458@example.com,Enterprise,2022-11-16,BR
4459,Elizabeth Lopez,customer4459@example.com,Consumer,2021-02-03,US
4460,Karen Martin,customer4460@example.com,SMB,2022-08-18,JP
4461,Karen Smith,customer4461@example.com,Consumer,2022-11-08,FR
4462,Isabella Smith,customer4462@example.com,Enterprise,2023-05-04,BR
4463,Barbara Martin,customer4463@example.com,Consumer,2023-08-31,JP
4464,Noah Williams,customer4464@example.com,SMB,2021-11-27,AU
4465,Linda Garcia,customer4465@example.com,Consumer,2023-04-06,JP
4466,Barbara Davis,customer4466@example.com,SMB,2021-08-22,JP
4467,Sophia Davis,customer4467@example.com,Enterprise,2024-10-26,BR
4468,Amelia Miller,customer4468@example.com,SMB,2024-10-01,CA
4469,David Johnson,customer4469@example.com,SMB,2021-06-30,JP
4470,Liam Taylor,customer4470@example.com,Consumer,2020-09-04,KR
4471,Sophia Miller,customer4471@example.com,Enterprise,2022-12-27,KR
4472,Thomas Gonzalez,customer4472@example.com,Enterprise,2021-11-15,KR
4473,Thomas Rodriguez,customer4473@example.com,Enterprise,2020-08-14,US
4474,Joseph Gonzalez,customer4474@example.com,Enterprise,2023-10-16,BR
4475,David Brown,customer4475@example.com,Enterprise,2023-07-24,DE
4476,Olivia Thomas,customer4476@example.com,SMB,2022-04-21,IN
4477,Michael Miller,customer4477@example.com,Enterprise,2020-11-10,IN
4478,Richard Anderson,customer4478@example.com,Enterprise,2022-05-03,IN
4479,Elizabeth Lopez,customer4479@example.com,Consumer,2022-03-01,UK
4480,Jennifer Martinez,customer4480@example.com,SMB,2021-12-13,AU
4481,Linda Anderson,customer4481@example.com,SMB,2022-06-23,US
4482,Jessica Thomas,customer4482@example.com,Enterprise,2024-01-29,AU
4483,Sophia Martin,customer4483@example.com,SMB,2021-09-09,AU
4484,Richard Moore,customer4484@example.com,Consumer,2020-09-04,KR
4485,Barbara Thomas,customer4485@example.com,SMB,2022-04-25,BR
4486,Christopher Miller,customer4486@example.com,Consumer,2021-12-05,BR
4487,David Taylor,customer4487@example.com,Consumer,2021-02-13,IN
4488,Barbara Jackson,customer4488@example.com,Enterprise,2023-01-24,UK
4489,James Garcia,customer4489@example.com,Enterprise,2023-11-10,US
4490,Isabella Hernandez,customer4490@example.com,SMB,2021-11-10,IN
4491,Jennifer Davis,customer4491@example.com,Enterprise,2023-09-05,AU
4492,James Anderson,customer4492@example.com,SMB,2020-07-22,FR
4493,Robert Williams,customer4493@example.com,Consumer,2020-10-25,BR
4494,Michael Thomas,customer4494@example.com,Enterprise,2022-03-29,FR
4495,Emma Moore,customer4495@example.com,Consumer,2021-12-25,FR
4496,Susan Lopez,customer4496@example.com,Consumer,2022-09-07,UK
4497,Michael Miller,customer4497@example.com,SMB,2021-11-25,IN
4498,Christopher Martinez,customer4498@example.com,SMB,2023-05-19,UK
4499,William Hernandez,customer4499@example.com,SMB,2020-06-12,BR
4500,Richard Wilson,customer4500@example.com,SMB,2023-10-05,IN
4501,Charlotte Smith,customer4501@example.com,Consumer,2021-12-02,UK
4502,Linda Thomas,customer4502@example.com,Consumer,2023-10-24,DE
4503,Michael Garcia,customer4503@example.com,Consumer,2020-02-07,JP
4504,Christopher Jackson,customer4504@example.com,Consumer,2020-02-03,JP
4505,James Taylor,customer4505@example.com,Consumer,2021-03-14,IN
4506,Amelia Davis,customer4506@example.com,SMB,2020-10-28,DE
4507,Susan Rodriguez,customer4507@example.com,Enterprise,2022-06-07,BR
4508,Robert Anderson,customer4508@example.com,Enterprise,2021-12-16,US
4509,Liam Thomas,customer4509@example.com,SMB,2021-09-24,IN
4510,Jennifer Davis,customer4510@example.com,Enterprise,2024-04-06,IN
4511,Michael Martinez,customer4511@example.com,Enterprise,2024-02-03,AU
4512,Karen Martin,customer4512@example.com,Enterprise,2023-05-20,US
4513,John Jackson,customer4513@example.com,Enterprise,2024-05-31,IN
4514,Charlotte Davis,customer4514@example.com,Enterprise,2023-01-10,US
4515,Robert Jackson,customer4515@example.com,Enterprise,2023-12-31,CA
4516,Jennifer Smith,customer4516@example.com,Consumer,2020-07-13,CA
4517,Thomas Martin,customer4517@example.com,Enterprise,2024-04-15,CA
4518,Noah Moore,customer4518@example.com,Consumer,2022-06-02,BR
4519,Sophia Anderson,customer4519@example.com,SMB,2020-02-09,UK
4520,Karen Lopez,customer4520@example.com,Consumer,2020-09-13,FR
4521,Jennifer Jackson,customer4521@example.com,Consumer,2024-12-24,DE
4522,Sarah Thomas,customer4522@example.com,SMB,2023-04-05,KR
4523,Elizabeth Davis,customer4523@example.com,Consumer,2022-03-24,KR
4524,Jennifer Anderson,customer4524@example.com,SMB,2024-09-23,KR
4525,Linda Miller,customer4525@example.com,Enterprise,2022-01-10,KR
4526,Isabella Hernandez,customer4526@example.com,Consumer,2024-02-12,CA
4527,Sophia Thomas,customer4527@example.com,Enterprise,2022-11-29,FR
4528,Thomas Hernandez,customer4528@example.com,SMB,2023-11-10,KR
4529,John Williams,customer4529@example.com,Consumer,2020-03-13,CA
4530,James Moore,customer4530@example.com,Enterprise,2021-08-29,US
4531,Patricia Rodriguez,customer4531@example.com,Consumer,2021-07-06,IN
4532,Jessica Garcia,customer4532@example.com,Enterprise,2021-12-16,KR
4533,Jessica Rodriguez,customer4533@example.com,Enterprise,2020-10-16,UK
4534,Amelia Johnson,customer4534@example.com,Consumer,2020-06-14,AU
4535,David Brown,customer4535@example.com,Enterprise,2020-03-27,CA
4536,Noah Anderson,customer4536@example.com,Enterprise,2021-04-08,BR
4537,Christopher Johnson,customer4537@example.com,Enterprise,2023-11-25,DE
4538,Ava Miller,customer4538@example.com,Enterprise,2020-11-15,CA
4539,Ava Johnson,customer4539@example.com,Enterprise,2024-05-07,KR
4540,Olivia Hernandez,customer4540@example.com,SMB,2022-03-01,JP
4541,William Garcia,customer4541@example.com,Consumer,2024-07-04,AU
4542,Michael Jackson,customer4542@example.com,SMB,2020-01-12,UK
4543,Robert Rodriguez,customer4543@example.com,Consumer,2020-10-27,FR
4544,Emma Jackson,customer4544@example.com,Consumer,2021-10-05,UK
4545,Olivia Williams,customer4545@example.com,Enterprise,2021-09-04,FR
4546,Ava Gonzalez,customer4546@example.com,SMB,2024-07-28,DE
4547,Robert Gonzalez,customer4547@example.com,Enterprise,2024-08-28,CA
4548,Karen Lopez,customer4548@example.com,Consumer,2020-08-13,US
4549,Jennifer Davis,customer4549@example.com,SMB,2022-12-23,DE
4550,Amelia Taylor,customer4550@example.com,Enterprise,2022-08-19,CA
4551,Christopher Anderson,customer4551@example.com,Enterprise,2021-01-27,BR
4552,Ava Wilson,customer4552@example.com,Consumer,2021-08-19,UK
4553,Ava Lopez,customer4553@example.com,Enterprise,2023-07-09,BR
4554,Ava Anderson,customer4554@example.com,Consumer,2021-07-13,UK
4555,Emma Brown,customer4555@example.com,SMB,2021-11-29,CA
4556,Liam Miller,customer4556@example.com,Enterprise,2022-06-23,DE
4557,Jennifer Smith,customer4557@example.com,Consumer,2021-04-29,CA
4558,Amelia Garcia,customer4558@example.com,SMB,2020-03-23,US
4559,Isabella Hernandez,customer4559@example.com,SMB,2024-01-09,US
4560,William Thomas,customer4560@example.com,Consumer,2021-07-19,DE
4561,Amelia Jones,customer4561@example.com,Consumer,2020-11-05,DE
4562,Liam Wilson,customer4562@example.com,Consumer,2023-05-16,US
4563,Emma Taylor,customer4563@example.com,SMB,2021-02-13,US
4564,Robert Jones,customer4564@example.com,Consumer,2020-02-16,DE
4565,Sarah Anderson,customer4565@example.com,Consumer,2021-08-14,JP
4566,Thomas Smith,customer4566@example.com,Enterprise,2023-06-07,BR
4567,Michael Rodriguez,customer4567@example.com,SMB,2022-06-09,CA
4568,Jessica Rodriguez,customer4568@example.com,Enterprise,2020-07-23,BR
4569,James Wilson,customer4569@example.com,Consumer,2023-02-05,IN
4570,Richard Hernandez,customer4570@example.com,SMB,2020-03-30,BR
4571,Charlotte Jones,customer4571@example.com,Consumer,2021-06-15,CA
4572,Noah Thomas,customer4572@example.com,Consumer,2021-07-01,US
4573,Olivia Anderson,customer4573@example.com,Consumer,2020-05-15,CA
4574,Joseph Gonzalez,customer4574@example.com,Consumer,2024-08-31,KR
4575,Amelia Jones,customer4575@example.com,SMB,2021-11-16,KR
4576,Isabella Martinez,customer4576@example.com,Enterprise,2024-04-03,KR
4577,Amelia Anderson,customer4577@example.com,SMB,2022-05-19,FR
4578,Sophia Martinez,customer4578@example.com,Consumer,2023-10-17,KR
4579,Susan Wilson,customer4579@example.com,Consumer,2022-12-09,JP
4580,Barbara Jones,customer4580@example.com,Enterprise,2020-12-22,AU
4581,Amelia Johnson,customer4581@example.com,Enterprise,2020-06-03,BR
4582,Jennifer Lopez,customer4582@example.com,Consumer,2022-01-19,IN
4583,Olivia Garcia,customer4583@example.com,SMB,2020-10-08,JP
4584,Charlotte Smith,customer4584@example.com,SMB,2023-07-30,US
4585,Ava Martinez,customer4585@example.com,Consumer,2024-07-06,UK
4586,Thomas Thomas,customer4586@example.com,Enterprise,2024-07-26,DE
4587,Sarah Moore,customer4587@example.com,SMB,2021-06-18,FR
4588,Barbara Jackson,customer4588@example.com,Consumer,2021-05-15,AU
4589,Richard Lopez,customer4589@example.com,Enterprise,2021-11-16,DE
4590,Joseph Wilson,customer4590@example.com,Enterprise,2023-09-08,JP
4591,Jessica Jackson,customer4591@example.com,SMB,2024-02-03,US
4592,Karen Miller,customer4592@example.com,Enterprise,2021-06-11,AU
4593,Susan Garcia,customer4593@example.com,SMB,2023-09-10,AU
4594,Liam Davis,customer4594@example.com,Consumer,2022-02-04,FR
4595,Susan Jones,customer4595@example.com,Consumer,2024-06-21,FR
4596,Noah Martinez,customer4596@example.com,SMB,2020-12-03,US
4597,Richard Lopez,customer4597@example.com,Consumer,2022-06-12,CA
4598,David Lopez,customer4598@example.com,SMB,2021-03-03,IN
4599,Isabella Lopez,customer4599@example.com,Consumer,2020-01-14,IN
4600,Karen Rodriguez,customer4600@example.com,Consumer,2023-08-14,FR
4601,Mia Rodriguez,customer4601@example.com,SMB,2024-05-25,BR
4602,Michael Jones,customer4602@example.com,Enterprise,2023-11-01,FR
4603,Liam Davis,customer4603@example.com,Consumer,2024-04-03,US
4604,James Hernandez,customer4604@example.com,SMB,2022-03-30,US
4605,Karen Martin,customer4605@example.com,Enterprise,2021-12-30,JP
4606,Mia Davis,customer4606@example.com,Consumer,2022-10-01,FR
4607,Barbara Garcia,customer4607@example.com,SMB,2024-02-04,AU
4608,Charlotte Rodriguez,customer4608@example.com,Consumer,2020-07-31,KR
4609,Susan Brown,customer4609@example.com,SMB,2023-03-02,JP
4610,James Moore,customer4610@example.com,Consumer,2021-10-14,KR
4611,Barbara Brown,customer4611@example.com,Consumer,2021-02-22,FR
4612,Sophia Davis,customer4612@example.com,SMB,2024-05-20,KR
4613,Olivia Gonzalez,customer4613@example.com,SMB,2024-03-31,DE
4614,Christopher Miller,customer4614@example.com,Enterprise,2022-01-11,JP
4615,Patricia Wilson,customer4615@example.com,SMB,2021-10-26,DE
4616,Isabella Hernandez,customer4616@example.com,SMB,2021-12-01,DE
4617,Olivia Martinez,customer4617@example.com,Consumer,2020-11-29,DE
4618,Liam Lopez,customer4618@example.com,Enterprise,2020-07-20,DE
4619,Linda Johnson,customer4619@example.com,Consumer,2024-05-06,JP
4620,Elizabeth Davis,customer4620@example.com,Enterprise,2024-12-15,IN
4621,Noah Taylor,customer4621@example.com,SMB,2021-11-23,US
4622,Amelia Davis,customer4622@example.com,Enterprise,2021-07-05,IN
4623,Amelia Johnson,customer4623@example.com,Enterprise,2022-03-19,US
4624,Charlotte Johnson,customer4624@example.com,Consumer,2024-06-10,DE
4625,Liam Williams,customer4625@example.com,Enterprise,2024-04-21,DE
4626,Linda Garcia,customer4626@example.com,SMB,2024-01-13,AU
4627,Joseph Hernandez,customer4627@example.com,SMB,2023-06-18,BR
4628,Richard Brown,customer4628@example.com,Enterprise,2023-12-28,IN
4629,Joseph Smith,customer4629@example.com,Enterprise,2024-02-12,UK
4630,David Jones,customer4630@example.com,SMB,2023-11-18,KR
4631,Emma Smith,customer4631@example.com,SMB,2021-12-14,BR
4632,Mary Rodriguez,customer4632@example.com,Enterprise,2024-08-31,BR
4633,Michael Jackson,customer4633@example.com,SMB,2020-05-13,CA
4634,Barbara Jones,customer4634@example.com,SMB,2024-03-26,BR
4635,James Martinez,customer4635@example.com,SMB,2023-06-03,BR
4636,Mia Lopez,customer4636@example.com,Consumer,2024-06-20,FR
4637,Patricia Taylor,customer4637@example.com,Consumer,2021-09-18,UK
4638,Noah Miller,customer4638@example.com,Enterprise,2021-02-15,BR
4639,John Moore,customer4639@example.com,Enterprise,2022-01-30,IN
4640,Linda Rodriguez,customer4640@example.com,Consumer,2021-03-06,IN
4641,Jennifer Anderson,customer4641@example.com,SMB,2022-06-20,JP
4642,Noah Johnson,customer4642@example.com,Enterprise,2021-08-05,DE
4643,Patricia Smith,customer4643@example.com,SMB,2022-10-08,BR
4644,Robert Davis,customer4644@example.com,Consumer,2024-07-24,DE
4645,Amelia Martin,customer4645@example.com,SMB,2024-01-09,KR
4646,Patricia Anderson,customer4646@example.com,SMB,2020-02-28,US
4647,Richard Hernandez,customer4647@example.com,Enterprise,2022-10-31,FR
4648,Barbara Brown,customer4648@example.com,Enterprise,2021-08-28,IN
4649,Amelia Martinez,customer4649@example.com,Consumer,2024-06-28,AU
4650,Susan Moore,customer4650@example.com,Consumer,2024-12-11,UK
4651,John Rodriguez,customer4651@example.com,Enterprise,2020-09-28,IN
4652,Jessica Smith,customer4652@example.com,SMB,2022-04-28,UK
4653,Isabella Garcia,customer4653@example.com,Consumer,2024-08-25,BR
4654,James Williams,customer4654@example.com,Consumer,2023-05-21,UK
4655,Jessica Williams,customer4655@example.com,Enterprise,2023-07-15,DE
4656,Robert Rodriguez,customer4656@example.com,Consumer,2024-04-09,FR
4657,Elizabeth Lopez,customer4657@example.com,Consumer,2020-02-12,US
4658,Sarah Miller,customer4658@example.com,SMB,2023-04-17,US
4659,Charlotte Martin,customer4659@example.com,Enterprise,2023-01-05,FR
4660,Christopher Moore,customer4660@example.com,SMB,2020-07-13,AU
4661,Liam Davis,customer4661@example.com,Enterprise,2023-05-28,AU
4662,Christopher Lopez,customer4662@example.com,Consumer,2023-11-10,FR
4663,William Johnson,customer4663@example.com,SMB,2020-09-27,AU
4664,Jennifer Jones,customer4664@example.com,SMB,2021-09-22,AU
4665,Olivia Wilson,customer4665@example.com,Consumer,2024-04-19,US
4666,Patricia Smith,customer4666@example.com,Enterprise,2022-07-27,BR
4667,David Martinez,customer4667@example.com,Enterprise,2023-03-09,DE
4668,Christopher Smith,customer4668@example.com,Consumer,2024-03-08,IN
4669,Mary Williams,customer4669@example.com,SMB,2022-02-13,CA
4670,Emma Williams,customer4670@example.com,SMB,2020-12-06,IN
4671,Ava Williams,customer4671@example.com,Enterprise,2023-07-04,CA
4672,David Jackson,customer4672@example.com,SMB,2023-11-08,CA
4673,John Thomas,customer4673@example.com,Enterprise,2021-03-20,FR
4674,Karen Martinez,customer4674@example.com,Consumer,2020-08-23,BR
4675,Christopher Lopez,customer4675@example.com,SMB,2020-12-02,BR
4676,Thomas Thomas,customer4676@example.com,SMB,2020-09-10,CA
4677,Sophia Taylor,customer4677@example.com,SMB,2020-11-01,DE
4678,James Lopez,customer4678@example.com,Consumer,2022-05-01,DE
4679,Ava Wilson,customer4679@example.com,Consumer,2021-01-15,JP
4680,Linda Moore,customer4680@example.com,Consumer,2023-05-31,IN
4681,Sophia Smith,customer4681@example.com,Consumer,2023-08-14,DE
4682,Olivia Jackson,customer4682@example.com,Consumer,2023-10-15,AU
4683,James Johnson,customer4683@example.com,Enterprise,2021-12-10,IN
4684,Joseph Brown,customer4684@example.com,Enterprise,2020-01-03,KR
4685,Mia Brown,customer4685@example.com,Enterprise,2021-02-07,JP
4686,Patricia Rodriguez,customer4686@example.com,SMB,2021-07-13,KR
4687,Susan Williams,customer4687@example.com,Enterprise,2021-12-29,AU
4688,Sarah Taylor,customer4688@example.com,SMB,2022-10-10,UK
4689,Thomas Williams,customer4689@example.com,Enterprise,2020-04-20,CA
4690,Amelia Martin,customer4690@example.com,Enterprise,2023-03-30,IN
4691,Elizabeth Hernandez,customer4691@example.com,Consumer,2023-03-30,JP
4692,Charlotte Smith,customer4692@example.com,Enterprise,2022-04-29,BR
4693,Joseph Thomas,customer4693@example.com,Enterprise,2022-01-11,KR
4694,Patricia Martin,customer4694@example.com,Enterprise,2024-10-18,DE
4695,Liam Jackson,customer4695@example.com,Enterprise,2020-08-30,IN
4696,Robert Taylor,customer4696@example.com,Enterprise,2020-11-20,US
4697,Mary Miller,customer4697@example.com,Enterprise,2020-03-16,AU
4698,Charlotte Wilson,customer4698@example.com,Consumer,2020-05-30,BR
4699,Susan Anderson,customer4699@example.com,Enterprise,2020-06-05,JP
4700,Jennifer Martinez,customer4700@example.com,Enterprise,2022-10-27,CA
4701,Liam Garcia,customer4701@example.com,Enterprise,2023-04-08,AU
4702,Karen Rodriguez,customer4702@example.com,Consumer,2024-08-11,FR
4703,Emma Hernandez,customer4703@example.com,SMB,2023-10-14,US
4704,Robert Rodriguez,customer4704@example.com,SMB,2022-01-21,JP
4705,Christopher Miller,customer4705@example.com,Enterprise,2022-05-06,IN
4706,Sarah Johnson,customer4706@example.com,Consumer,2020-09-25,CA
4707,Jessica Jones,customer4707@example.com,Enterprise,2022-09-20,JP
4708,Noah Moore,customer4708@example.com,SMB,2024-01-09,KR
4709,John Rodriguez,customer4709@example.com,Consumer,2022-07-14,IN
4710,Ava Gonzalez,customer4710@example.com,SMB,2024-02-26,DE
4711,Noah Hernandez,customer4711@example.com,Enterprise,2021-12-30,KR
4712,Amelia Williams,customer4712@example.com,Consumer,2023-06-03,US
4713,Patricia Lopez,customer4713@example.com,SMB,2020-01-19,US
4714,Olivia Brown,customer4714@example.com,Enterprise,2023-01-13,BR
4715,Sophia Hernandez,customer4715@example.com,SMB,2020-10-22,JP
4716,Robert Wilson,customer4716@example.com,SMB,2023-08-02,BR
4717,Susan Wilson,customer4717@example.com,Enterprise,2022-12-28,JP
4718,Amelia Lopez,customer4718@example.com,SMB,2022-08-22,AU
4719,David Lopez,customer4719@example.com,Consumer,2024-08-19,CA
4720,Mary Martinez,customer4720@example.com,SMB,2020-03-20,DE
4721,Liam Garcia,customer4721@example.com,Consumer,2021-05-09,AU
4722,Susan Taylor,customer4722@example.com,Enterprise,2020-06-26,KR
4723,Linda Wilson,customer4723@example.com,Consumer,2021-03-04,IN
4724,Linda Wilson,customer4724@example.com,SMB,2024-12-25,AU
4725,Jessica Smith,customer4725@example.com,SMB,2024-08-05,KR
4726,Christopher Davis,customer4726@example.com,SMB,2021-10-09,BR
4727,David Brown,customer4727@example.com,SMB,2022-02-22,FR
4728,Richard Martin,customer4728@example.com,SMB,2023-03-20,KR
4729,Elizabeth Johnson,customer4729@example.com,Consumer,2023-05-17,UK
4730,Christopher Johnson,customer4730@example.com,SMB,2021-04-29,BR
4731,Thomas Jones,customer4731@example.com,Consumer,2021-03-08,DE
4732,Mia Davis,customer4732@example.com,SMB,2021-04-04,DE
4733,Elizabeth Brown,customer4733@example.com,SMB,2023-06-21,CA
4734,Amelia Moore,customer4734@example.com,Enterprise,2020-05-31,JP
4735,Mary Johnson,customer4735@example.com,SMB,2024-12-29,AU
4736,Richard Rodriguez,customer4736@example.com,Consumer,2024-08-31,US
4737,Noah Davis,customer4737@example.com,SMB,2022-04-13,JP
4738,James Anderson,customer4738@example.com,SMB,2023-01-01,AU
4739,Linda Wilson,customer4739@example.com,SMB,2023-11-13,US
4740,Liam Taylor,customer4740@example.com,Enterprise,2024-02-18,BR
4741,Elizabeth Johnson,customer4741@example.com,SMB,2024-04-16,BR
4742,Liam Garcia,customer4742@example.com,SMB,2022-12-22,BR
4743,Susan Taylor,customer4743@example.com,SMB,2021-01-31,AU
4744,Christopher Anderson,customer4744@example.com,SMB,2020-08-08,FR
4745,Charlotte Rodriguez,customer4745@example.com,Enterprise,2020-02-06,BR
4746,Barbara Martin,customer4746@example.com,Consumer,2021-01-28,FR
4747,Emma Johnson,customer4747@example.com,Consumer,2024-01-30,DE
4748,Christopher Jones,customer4748@example.com,Consumer,2020-01-03,DE
4749,Olivia Moore,customer4749@example.com,Enterprise,2023-03-01,KR
4750,Noah Smith,customer4750@example.com,Enterprise,2023-02-15,IN
4751,Sarah Brown,customer4751@example.com,Consumer,2023-05-10,JP
4752,Michael Martinez,customer4752@example.com,SMB,2023-02-12,IN
4753,Charlotte Martin,customer4753@example.com,Enterprise,2021-09-18,CA
4754,Isabella Williams,customer4754@example.com,Enterprise,2024-07-14,US
4755,Mary Thomas,customer4755@example.com,SMB,2020-01-03,US
4756,Susan Anderson,customer4756@example.com,Enterprise,2022-06-20,KR
4757,Mia Miller,customer4757@example.com,SMB,2023-06-03,KR
4758,Isabella Brown,customer4758@example.com,Enterprise,2022-07-24,BR
4759,Karen Thomas,customer4759@example.com,SMB,2021-08-19,IN
4760,Noah Lopez,customer4760@example.com,Enterprise,2022-02-20,AU
4761,Mia Johnson,customer4761@example.com,Enterprise,2023-11-21,AU
4762,Sarah Rodriguez,customer4762@example.com,Consumer,2024-11-20,BR
4763,Sophia Johnson,customer4763@example.com,Consumer,2022-07-20,JP
4764,Joseph Davis,customer4764@example.com,Enterprise,2023-08-20,AU
4765,William Gonzalez,customer4765@example.com,SMB,2020-08-16,CA
4766,Noah Moore,customer4766@example.com,Enterprise,2023-10-16,IN
4767,Linda Thomas,customer4767@example.com,Enterprise,2021-03-04,UK
4768,Patricia Williams,customer4768@example.com,Enterprise,2021-12-22,IN
4769,Joseph Anderson,customer4769@example.com,Enterprise,2020-09-15,AU
4770,Linda Martin,customer4770@example.com,Enterprise,2023-06-10,AU
4771,Michael Thomas,customer4771@example.com,Enterprise,2022-04-05,IN
4772,Liam Davis,customer4772@example.com,SMB,2021-11-25,US
4773,Joseph Thomas,customer4773@example.com,Consumer,2022-05-11,US
4774,Charlotte Lopez,customer4774@example.com,SMB,2024-01-25,JP
4775,Jennifer Johnson,customer4775@example.com,Enterprise,2022-02-18,AU
4776,Mia Johnson,customer4776@example.com,Consumer,2023-04-07,BR
4777,Sophia Jones,customer4777@example.com,SMB,2022-11-16,DE
4778,Mia Moore,customer4778@example.com,Enterprise,2023-04-22,CA
4779,Richard Moore,customer4779@example.com,Enterprise,2022-10-06,JP
4780,Sarah Jackson,customer4780@example.com,Enterprise,2022-10-07,IN
4781,Susan Wilson,customer4781@example.com,Enterprise,2020-01-20,AU
4782,Sophia Garcia,customer4782@example.com,SMB,2022-03-07,BR
4783,Sophia Lopez,customer4783@example.com,SMB,2021-07-18,JP
4784,Barbara Martinez,customer4784@example.com,Consumer,2023-12-14,FR
4785,Sarah Brown,customer4785@example.com,Consumer,2021-06-28,DE
4786,Richard Martin,customer4786@example.com,Consumer,2022-06-24,DE
4787,Mary Johnson,customer4787@example.com,Enterprise,2024-01-29,KR
4788,Susan Miller,customer4788@example.com,Consumer,2023-06-08,JP
4789,James Miller,customer4789@example.com,Consumer,2020-07-21,JP
4790,Emma Taylor,customer4790@example.com,Enterprise,2020-07-31,JP
4791,Liam Brown,customer4791@example.com,Enterprise,2023-05-02,FR
4792,Joseph Wilson,customer4792@example.com,SMB,2022-01-27,JP
4793,Mary Lopez,customer4793@example.com,SMB,2021-08-06,IN
4794,Elizabeth Gonzalez,customer4794@example.com,Consumer,2020-12-01,AU
4795,Olivia Martinez,customer4795@example.com,Enterprise,2022-11-30,CA
4796,Sarah Rodriguez,customer4796@example.com,Enterprise,2020-05-02,JP
4797,Christopher Hernandez,customer4797@example.com,Enterprise,2022-07-13,JP
4798,James Hernandez,customer4798@example.com,SMB,2022-12-08,AU
4799,Olivia Taylor,customer4799@example.com,Consumer,2020-11-02,AU
4800,Joseph Martinez,customer4800@example.com,Enterprise,2022-02-12,CA
4801,Richard Moore,customer4801@example.com,Enterprise,2023-11-05,US
4802,Linda Wilson,customer4802@example.com,Enterprise,2021-07-16,BR
4803,Linda Davis,customer4803@example.com,Consumer,2022-11-13,JP
4804,Robert Thomas,customer4804@example.com,Enterprise,2023-05-05,DE
4805,David Wilson,customer4805@example.com,SMB,2024-05-27,IN
4806,Sarah Miller,customer4806@example.com,Consumer,2023-10-29,US
4807,Jessica Taylor,customer4807@example.com,SMB,2021-03-17,UK
4808,Linda Lopez,customer4808@example.com,Consumer,2024-01-03,IN
4809,Joseph Jackson,customer4809@example.com,SMB,2021-04-18,KR
4810,Elizabeth Wilson,customer4810@example.com,SMB,2022-08-20,CA
4811,Amelia Jackson,customer4811@example.com,Enterprise,2020-04-23,KR
4812,Thomas Hernandez,customer4812@example.com,Enterprise,2024-04-18,IN
4813,Barbara Miller,customer4813@example.com,Enterprise,2023-04-08,US
4814,Charlotte Anderson,customer4814@example.com,SMB,2021-01-10,UK
4815,Mia Garcia,customer4815@example.com,Consumer,2023-04-11,FR
4816,Jessica Anderson,customer4816@example.com,Consumer,2023-08-08,JP
4817,Thomas Martinez,customer4817@example.com,SMB,2024-05-25,CA
4818,William Martinez,customer4818@example.com,SMB,2024-07-01,AU
4819,John Brown,customer4819@example.com,Enterprise,2021-03-12,UK
4820,Noah Davis,customer4820@example.com,SMB,2021-03-10,BR
4821,Linda Johnson,customer4821@example.com,SMB,2022-08-17,CA
4822,Olivia Martin,customer4822@example.com,SMB,2024-08-31,US
4823,Christopher Garcia,customer4823@example.com,Consumer,2020-12-10,FR
4824,Michael Lopez,customer4824@example.com,Consumer,2021-11-15,BR
4825,Joseph Martin,customer4825@example.com,Enterprise,2020-06-20,KR
4826,Elizabeth Martinez,customer4826@example.com,Enterprise,2020-04-13,US
4827,William Rodriguez,customer4827@example.com,Enterprise,2023-07-19,JP
4828,John Taylor,customer4828@example.com,SMB,2022-07-12,FR
4829,Isabella Lopez,customer4829@example.com,Consumer,2021-08-12,JP
4830,David Hernandez,customer4830@example.com,Consumer,2021-10-15,KR
4831,Noah Martin,customer4831@example.com,Enterprise,2023-02-08,UK
4832,Isabella Smith,customer4832@example.com,Enterprise,2024-04-06,FR
4833,Michael Johnson,customer4833@example.com,Consumer,2023-05-29,DE
4834,Mary Wilson,customer4834@example.com,SMB,2022-07-09,DE
4835,Christopher Miller,customer4835@example.com,SMB,2022-03-11,JP
4836,Mia Wilson,customer4836@example.com,Enterprise,2024-06-16,CA
4837,Barbara Anderson,customer4837@example.com,Enterprise,2023-09-13,JP
4838,Michael Taylor,customer4838@example.com,SMB,2020-01-27,DE
4839,Jessica Williams,customer4839@example.com,Consumer,2020-01-14,BR
4840,Liam Davis,customer4840@example.com,Enterprise,2024-10-18,US
4841,Thomas Davis,customer4841@example.com,Consumer,2021-03-03,BR
4842,Ava Johnson,customer4842@example.com,Consumer,2021-09-23,FR
4843,Isabella Taylor,customer4843@example.com,Consumer,2022-02-17,DE
4844,Elizabeth Miller,customer4844@example.com,SMB,2024-04-19,JP
4845,Ava Brown,customer4845@example.com,Enterprise,2021-11-20,UK
4846,Sophia Anderson,customer4846@example.com,Enterprise,2020-10-03,US
4847,Liam Martin,customer4847@example.com,SMB,2023-10-08,DE
4848,Ava Williams,customer4848@example.com,Consumer,2022-07-01,US
4849,Emma Johnson,customer4849@example.com,Consumer,2020-04-06,US
4850,Christopher Miller,customer4850@example.com,SMB,2023-08-31,UK
4851,Joseph Rodriguez,customer4851@example.com,Consumer,2022-11-15,JP
4852,Christopher Jackson,customer4852@example.com,Consumer,2022-06-07,JP
4853,Patricia Wilson,customer4853@example.com,SMB,2024-07-14,US
4854,Richard Williams,customer4854@example.com,SMB,2024-04-03,AU
4855,David Martin,customer4855@example.com,Consumer,2021-01-29,FR
4856,John Smith,customer4856@example.com,Consumer,2024-02-14,FR
4857,Susan Jones,customer4857@example.com,Enterprise,2021-09-01,DE
4858,Jessica Hernandez,customer4858@example.com,Enterprise,2020-03-23,AU
4859,Barbara Johnson,customer4859@example.com,SMB,2024-12-04,DE
4860,Amelia Martinez,customer4860@example.com,Enterprise,2020-06-27,IN
4861,Isabella Martin,customer4861@example.com,SMB,2023-09-14,UK
4862,Richard Brown,customer4862@example.com,Enterprise,2020-02-07,US
4863,Sarah Brown,customer4863@example.com,Enterprise,2021-05-18,KR
4864,James Wilson,customer4864@example.com,Enterprise,2021-10-04,US
4865,Olivia Jones,customer4865@example.com,Consumer,2021-05-11,DE
4866,Barbara Lopez,customer4866@example.com,Consumer,2024-12-02,KR
4867,Jennifer Anderson,customer4867@example.com,Consumer,2020-02-19,CA
4868,Charlotte Jackson,customer4868@example.com,Enterprise,2021-05-24,UK
4869,Isabella Miller,customer4869@example.com,Enterprise,2024-10-27,KR
4870,William Johnson,customer4870@example.com,Consumer,2024-05-16,AU
4871,Ava Brown,customer4871@example.com,Consumer,2021-03-11,AU
4872,Joseph Davis,customer4872@example.com,SMB,2023-04-08,AU
4873,David Johnson,customer4873@example.com,Enterprise,2024-02-25,JP
4874,Isabella Rodriguez,customer4874@example.com,Enterprise,2023-11-17,DE
4875,Jennifer Williams,customer4875@example.com,Enterprise,2023-12-04,JP
4876,Patricia Williams,customer4876@example.com,Consumer,2024-11-29,KR
4877,Karen Davis,customer4877@example.com,SMB,2020-09-07,IN
4878,Emma Rodriguez,customer4878@example.com,Consumer,2024-02-27,AU
4879,Mia Williams,customer4879@example.com,SMB,2023-12-04,IN
4880,Noah Lopez,customer4880@example.com,Enterprise,2020-11-13,UK
4881,Jessica Johnson,customer4881@example.com,SMB,2023-02-10,UK
4882,Liam Wilson,customer4882@example.com,SMB,2023-08-31,KR
4883,Mary Jones,customer4883@example.com,SMB,2024-02-23,US
4884,James Brown,customer4884@example.com,Enterprise,2020-09-17,KR
4885,Elizabeth Jones,customer4885@example.com,SMB,2022-10-13,CA
4886,Thomas Garcia,customer4886@example.com,Enterprise,2021-12-29,KR
4887,Sophia Garcia,customer4887@example.com,Consumer,2022-03-13,US
4888,Joseph Martin,customer4888@example.com,Enterprise,2021-05-29,FR
4889,Noah Lopez,customer4889@example.com,Consumer,2024-04-27,CA
4890,Robert Smith,customer4890@example.com,Consumer,2021-08-27,JP
4891,Mia Miller,customer4891@example.com,Enterprise,2021-03-14,JP
4892,Elizabeth Jackson,customer4892@example.com,Consumer,2022-08-26,KR
4893,Barbara Miller,customer4893@example.com,Enterprise,2022-09-23,CA
4894,Christopher Hernandez,customer4894@example.com,Consumer,2021-03-02,CA
4895,Noah Hernandez,customer4895@example.com,SMB,2022-12-11,JP
4896,David Rodriguez,customer4896@example.com,Consumer,2022-08-22,BR
4897,Patricia Taylor,customer4897@example.com,Enterprise,2023-06-07,CA
4898,Susan Garcia,customer4898@example.com,Enterprise,2021-03-20,DE
4899,Karen Jones,customer4899@example.com,SMB,2020-06-28,DE
4900,Michael Martinez,customer4900@example.com,Consumer,2022-07-26,IN
4901,James Davis,customer4901@example.com,Enterprise,2022-10-24,CA
4902,Christopher Smith,customer4902@example.com,Enterprise,2022-03-25,CA
4903,Christopher Smith,customer4903@example.com,SMB,2020-04-17,BR
4904,Karen Moore,customer4904@example.com,Consumer,2022-03-30,US
4905,Elizabeth Wilson,customer4905@example.com,Enterprise,2021-11-22,BR
4906,Jennifer Thomas,customer4906@example.com,SMB,2022-11-10,UK
4907,Karen Miller,customer4907@example.com,Enterprise,2024-12-04,CA
4908,Amelia Gonzalez,customer4908@example.com,Consumer,2023-10-21,DE
4909,Ava Lopez,customer4909@example.com,Consumer,2021-02-04,DE
4910,Noah Thomas,customer4910@example.com,SMB,2022-01-17,AU
4911,Barbara Brown,customer4911@example.com,Consumer,2022-06-13,BR
4912,William Anderson,customer4912@example.com,Enterprise,2022-11-22,DE
4913,Christopher Jones,customer4913@example.com,SMB,2023-10-11,BR
4914,Robert Brown,customer4914@example.com,SMB,2024-11-01,US
4915,Elizabeth Brown,customer4915@example.com,Consumer,2024-08-04,US
4916,Isabella Jackson,customer4916@example.com,Enterprise,2024-04-05,JP
4917,Liam Hernandez,customer4917@example.com,SMB,2022-12-30,KR
4918,Michael Miller,customer4918@example.com,Enterprise,2020-06-20,IN
4919,Christopher Gonzalez,customer4919@example.com,Consumer,2024-09-16,DE
4920,Emma Smith,customer4920@example.com,Enterprise,2022-06-18,CA
4921,Liam Garcia,customer4921@example.com,Enterprise,2021-06-13,US
4922,Richard Wilson,customer4922@example.com,Enterprise,2024-02-20,CA
4923,Joseph Williams,customer4923@example.com,SMB,2020-12-11,US
4924,William Brown,customer4924@example.com,SMB,2023-05-10,JP
4925,Amelia Jackson,customer4925@example.com,SMB,2024-04-12,BR
4926,John Garcia,customer4926@example.com,Enterprise,2022-12-03,KR
4927,Patricia Jones,customer4927@example.com,Consumer,2021-10-16,DE
4928,Linda Garcia,customer4928@example.com,SMB,2024-08-18,FR
4929,Michael Davis,customer4929@example.com,SMB,2022-03-30,US
4930,Olivia Smith,customer4930@example.com,SMB,2020-03-28,IN
4931,Susan Lopez,customer4931@example.com,SMB,2024-09-25,BR
4932,Thomas Taylor,customer4932@example.com,Enterprise,2020-10-22,FR
4933,Emma Thomas,customer4933@example.com,Consumer,2020-10-14,CA
4934,Sarah Wilson,customer4934@example.com,Enterprise,2022-02-11,AU
4935,Linda Garcia,customer4935@example.com,SMB,2024-08-22,BR
4936,Thomas Anderson,customer4936@example.com,SMB,2023-11-16,US
4937,Karen Rodriguez,customer4937@example.com,Consumer,2020-01-28,AU
4938,Liam Brown,customer4938@example.com,Consumer,2021-07-28,IN
4939,Mia Garcia,customer4939@example.com,Consumer,2020-07-15,AU
4940,Emma Miller,customer4940@example.com,Consumer,2021-03-27,IN
4941,Mia Martin,customer4941@example.com,Consumer,2023-03-29,IN
4942,Charlotte Miller,customer4942@example.com,Consumer,2023-04-06,IN
4943,Olivia Gonzalez,customer4943@example.com,Consumer,2023-01-27,US
4944,Joseph Gonzalez,customer4944@example.com,SMB,2020-02-01,US
4945,Thomas Hernandez,customer4945@example.com,Enterprise,2023-12-05,KR
4946,Isabella Smith,customer4946@example.com,Enterprise,2023-06-11,IN
4947,Sarah Rodriguez,customer4947@example.com,Enterprise,2020-04-07,FR
4948,Richard Martinez,customer4948@example.com,SMB,2024-02-25,JP
4949,Barbara Williams,customer4949@example.com,SMB,2024-12-20,BR
4950,Robert Brown,customer4950@example.com,Consumer,2021-02-22,CA
4951,Amelia Lopez,customer4951@example.com,Consumer,2024-11-29,KR
4952,James Anderson,customer4952@example.com,SMB,2022-03-22,BR
4953,Sophia Rodriguez,customer4953@example.com,SMB,2023-01-21,BR
4954,Susan Davis,customer4954@example.com,Enterprise,2020-05-23,US
4955,Thomas Thomas,customer4955@example.com,SMB,2023-10-25,IN
4956,Jennifer Brown,customer4956@example.com,SMB,2020-06-24,CA
4957,Christopher Wilson,customer4957@example.com,Enterprise,2021-08-03,CA
4958,Amelia Thomas,customer4958@example.com,SMB,2023-05-25,FR
4959,John Miller,customer4959@example.com,Consumer,2023-11-04,DE
4960,Robert Hernandez,customer4960@example.com,Consumer,2022-01-25,JP
4961,Mary Johnson,customer4961@example.com,SMB,2022-12-15,US
4962,James Lopez,customer4962@example.com,Enterprise,2023-10-31,AU
4963,Christopher Hernandez,customer4963@example.com,Consumer,2022-05-04,UK
4964,Mary Wilson,customer4964@example.com,Consumer,2024-07-21,KR
4965,Noah Williams,customer4965@example.com,Enterprise,2023-08-26,UK
4966,David Williams,customer4966@example.com,SMB,2024-07-17,DE
4967,Richard Rodriguez,customer4967@example.com,Consumer,2022-12-05,AU
4968,James Lopez,customer4968@example.com,Enterprise,2021-09-20,KR
4969,Noah Jackson,customer4969@example.com,SMB,2023-08-31,IN
4970,Robert Brown,customer4970@example.com,Consumer,2023-01-28,CA
4971,Joseph Thomas,customer4971@example.com,Enterprise,2024-10-15,DE
4972,Liam Garcia,customer4972@example.com,SMB,2022-04-03,AU
4973,Thomas Lopez,customer4973@example.com,Consumer,2022-12-11,CA
4974,Emma Anderson,customer4974@example.com,SMB,2023-01-15,CA
4975,Elizabeth Thomas,customer4975@example.com,SMB,2024-02-21,BR
4976,Christopher Rodriguez,customer4976@example.com,Enterprise,2023-06-09,AU
4977,Susan Miller,customer4977@example.com,Consumer,2020-12-17,UK
4978,David Moore,customer4978@example.com,Enterprise,2023-08-13,IN
4979,Susan Gonzalez,customer4979@example.com,SMB,2020-07-08,CA
4980,John Davis,customer4980@example.com,SMB,2024-06-30,BR
4981,Richard Garcia,customer4981@example.com,Enterprise,2020-02-04,JP
4982,Mary Johnson,customer4982@example.com,Consumer,2023-02-12,KR
4983,Amelia Martinez,customer4983@example.com,SMB,2023-11-26,AU
4984,John Thomas,customer4984@example.com,Enterprise,2024-10-07,BR
4985,Mary Rodriguez,customer4985@example.com,SMB,2022-04-01,BR
4986,James Wilson,customer4986@example.com,SMB,2020-08-23,FR
4987,William Brown,customer4987@example.com,Enterprise,2023-07-15,FR
4988,Christopher Brown,customer4988@example.com,SMB,2023-06-24,IN
4989,James Hernandez,customer4989@example.com,SMB,2020-11-16,DE
4990,Mia Garcia,customer4990@example.com,SMB,2021-12-30,JP
4991,Thomas Garcia,customer4991@example.com,Consumer,2022-09-07,CA
4992,Richard Wilson,customer4992@example.com,SMB,2024-11-27,DE
4993,Susan Thomas,customer4993@example.com,Enterprise,2021-11-23,AU
4994,Mary Davis,customer4994@example.com,Consumer,2023-12-03,IN
4995,Amelia Brown,customer4995@example.com,Consumer,2022-03-02,JP
4996,Barbara Hernandez,customer4996@example.com,SMB,2023-01-08,FR
4997,David Smith,customer4997@example.com,SMB,2023-09-23,US
4998,Liam Williams,customer4998@example.com,Consumer,2023-06-03,BR
4999,Elizabeth Gonzalez,customer4999@example.com,Consumer,2024-02-13,US
5000,Barbara Gonzalez,customer5000@example.com,Consumer,2023-01-29,FR
